,0
0,TO
1,ALL
2,INTERESTED
3,CAN
4,NOT
5,GET
6,VERIFIED
7,ON
8,TWITTER
9,BEEN
10,TRYING
11,FOR
12,WHAT
13,A
14,BEAUTIFUL
15,PERSON
16,SO
17,SAD
18,IT
19,EVEN
20,HAD
21,TO
22,BE
23,A
24,CHOSE
25,GOD
26,BLESShttps
27,FreeJoeExotic
28,tigerking
29,JOE
30,IS
31,STILL
32,IN
33,QUARENTINE
34,THERE
35,ARE
36,NOT
37,CASES
38,THERE
39,FOR
40,EVERYONE
41,WHO
42,HAS
43,THIS
44,ILLNESS
45,AND
46,THAT
47,YOU
48,ALL
49,RECOVER
50,SOON
51,FOR
52,ALL
53,THE
54,SOULS
55,WE
56,HAVE
57,LOST
58,IN
59,THE
60,WORLD
61,DUE
62,TO
63,THIS
64,JOE
65,SENDS
66,HIS
67,AND
68,THANKS
69,HE
70,WILL
71,SOON
72,BE
73,BACK
74,TO
75,ANSWER
76,YOU
77,ALL
78,SOON
79,ai
80,quitting
81,Dear
82,friends
83,voters
84,supporters
85,You
86,people
87,today
88,story_fbid=993157810853022
89,id=100004764370656
90,Come
91,onhttps
92,Yes
93,come
94,every
95,one
96,expecting
97,Party
98,Packards
99,201
100,NW
101,10th
102,St
103,Oklahoma
104,City
105,Oklahoma
106,73103
107,At
108,7pm
109,…https
110,Here
111,ya
112,go
113,No
114,voters
115,788
116,running
117,polling
118,places
119,Let
120,Go
121,vote
122,joe_exotic
123,today
124,As
125,well
126,YES
127,question
128,788
129,OkLeg
130,Oklahoma
131,peeps
132,Japan
133,vote
134,please
135,go
136,vote
137,yes
138,788
139,vote
140,joe_exotic
141,governor
142,joe_exotic
143,Fix
144,shit
145,bay
146,ba
147,They
148,law
149,Go
150,back
151,make
152,Do
153,forget
154,bring
155,drivers
156,license
157,state
158,issued
159,ID
160,go
161,vote
162,give
163,excuse
164,give
165,ballot
166,Vote
167,Joe
168,Exotic
169,Governor
170,Vote
171,yes
172,788
173,GO
174,VOTE
175,JOE
176,EXOTIC
177,AND
178,YES
179,SQ788
180,GO
181,VOTE
182,YOUR
183,RIGHTS
184,DEPEND
185,ON
186,IT
187,Vote
188,joe
189,You
190,libertarian
191,til
192,vote
193,Tommarow
194,Connie
195,Johnson
196,best
197,Democrat
198,choice
199,Republicas
200,choices
201,hate
202,SQ788
203,crookshttps
204,Tomorrow
205,vote
206,Yes
207,SQ788
208,Libertarians
209,vote
210,Joe
211,Exotic
212,governor
213,Democrats
214,vote
215,Connie
216,Johnson
217,governor
218,Republicans
219,You
220,screrwed
221,must
222,waste
223,vote
224,give
225,Kevin
226,Stitt
227,Pride
228,great
229,vote
230,fixthisshit
231,On
232,meet
233,press
234,morning
235,Todd
236,Lamb
237,SQ788
238,fixthisshit
239,He
240,coolest
241,campaign
242,signs
243,Unique
244,hell
245,Not
246,block
247,red
248,letters
249,voteforjoehttps
250,Hard
251,day
252,In
253,Ontario
254,'ve
255,elected
256,someone
257,work
258,ForThePeople
259,fordnation
260,Very
261,soon
262,Oklahomans
263,choice
264,elect
265,someone
266,work
267,That
268,person
269,joe_exotic
270,He
271,going
272,FixThisShit
273,people
274,Oklahoma
275,uspoli
276,3
277,days
278,decide
279,future
280,Got
281,support
282,going
283,pride
284,put
285,200
286,yard
287,signs
288,It
289,GOP
290,They
291,would
292,let
293,either.http
294,story=38408836
295,catId=112032
296,Joe
297,Let
298,FixThisShit
299,So
300,running
301,ads
302,vote
303,SQ788
304,confuse
305,people
306,dont
307,know
308,Vote
309,yes
310,take
311,rights
312,back
313,Early
314,voters
315,messaging
316,voting
317,fixthisshit
318,Told
319,everyone
320,know
321,joe_exotic
322,right
323,choice
324,fixthisshit
325,Joe
326,Governorhttps
327,Just
328,everyday
329,hero
330,fixthisshit
331,5
332,days
333,go
334,vote
335,legalization
336,medical
337,marijuana
338,vote
339,Joe
340,Exotic
341,Oklahoma
342,governor
343,fixthisshit
344,joe_exotic
345,SPOTTED
346,Only
347,6
348,days
349,vote
350,legal
351,marijuana
352,future
353,governor
354,joe_exotic
355,You
356,ever
357,wonder
358,people
359,care
360,welfare
361,dogs
362,cats
363,cows
364,chickens
365,elderly
366,kids
367,homeless
368,people
369,Because
370,make
371,money
372,heart
373,stings
374,animals
375,sell
376,TV
377,ads
378,raise
379,money
380,animals
381,We
382,lost
383,morale
384,fixthisshit
385,BULLSHIT
386,VOTE
387,YEShttps
388,Oklahoma
389,made
390,felony
391,hire
392,illegal
393,immigrant
394,Strike
395,law
396,downhttps
397,yes
398,joe
399,preach
400,em
401,They
402,criminals
403,Then
404,let
405,kick
406,everyone
407,commits
408,crime
409,This
410,country
411,founded
412,immigrants
413,Why
414,forget
415,easy
416,But
417,kicking
418,immigrants
419,They
420,got
421,way
422,fucking
423,toll
424,roads
425,.65
426,cents
427,booth
428,No
429,pennies
430,3
431,quarters
432,They
433,make
434,dime
435,every
436,car
437,fixthisshit
438,Interesting
439,read
440,debatehttp
441,75
442,reporters
443,debate
444,today
445,would
446,think
447,something
448,would
449,online
450,And
451,maybe
452,The
453,debate
454,Shawnee
455,today
456,75
457,reporters
458,think
459,put
460,truth
461,fixthisshit
462,That
463,answer
464,certainly
465,got
466,room
467,attention
468,2
469,weeks
470,gon
471,na
472,rock
473,election
474,smoke
475,weed
476,No
477,mikey
478,bullshithttps
479,Thank
480,youhttps
481,Let
482,save
483,kids
484,Reminder
485,vote
486,joe_exotic
487,Does
488,3
489,million
490,campaign
491,fund
492,mean
493,people
494,like
495,sell
496,special
497,interest
498,groups
499,That
500,shows
501,looking
502,Future
503,pool
504,party
505,The
506,vote
507,SQ788
508,near
509,Vote
510,yes
511,vote
512,Joe
513,Exotic
514,fixthisshit
515,voteforjoehttps
516,You
517,bet
518,wouldhttps
519,Fox
520,25http
521,Let
522,ride
523,inauguration
524,like
525,The
526,apes
527,love
528,Joe
529,Exotic
530,fir
531,Top
532,15
533,Candidates
534,Oklahoma
535,Governor
536,(
537,Ranked
538,)
539,Ahead
540,Vote
541,June
542,26th
543,SQ788
544,Joe
545,Joseph
546,A
547,Maldonado-Passage
548,let
549,Tulsa
550,Pride
551,Parade
552,seeing
553,joe_exotic
554,tulsa
555,pride
556,DEFINITELY
557,best
558,part
559,day
560,Tulsa
561,Pride
562,Parade
563,Oklahoma
564,screws
565,money
566,making
567,Before
568,long
569,one
570,want
571,come
572,fixthisshit
573,votejoeexotichttp
574,story=38329472
575,catId=112042
576,USDA
577,President
578,lifts
579,restrictions
580,small
581,exhibitors
582,This
583,needs
584,shared
585,thousands
586,times
587,story_fbid=2148226968538445
588,id=580813935279764
589,USDA
590,President
591,lifts
592,restrictions
593,small
594,exhibitors
595,This
596,needs
597,shared
598,thousands
599,times
600,USDA
601,President
602,lifts
603,restrictions
604,small
605,exhibitors
606,This
607,needs
608,shared
609,thousands
610,times
611,story_fbid=1808078609251305
612,id=506410132751499
613,Get
614,board
615,New
616,Oklahoma
617,Tulsa
618,Pride
619,parade
620,tomorrow
621,June
622,2
623,Come
624,party
625,You
626,NO
627,LONGER
628,USDA
629,exhibit
630,8
631,animals
632,less
633,NOT
634,dangerous
635,Go
636,Trump
637,lets
638,get
639,Governor
640,story_fbid=2148091698551972
641,id=580813935279764
642,You
643,NO
644,LONGER
645,USDA
646,exhibit
647,8
648,animals
649,less
650,NOT
651,dangerous
652,Go
653,Trump
654,lets
655,get
656,Governor
657,story_fbid=1807952549263911
658,id=506410132751499
659,You
660,NO
661,LONGER
662,USDA
663,exhibit
664,8
665,animals
666,less
667,NOT
668,dangerous
669,Go
670,Trump
671,lets
672,get
673,Governor
674,What
675,big
676,corporations
677,communities
678,1=move
679,2=get
680,tax
681,breaks
682,3=
683,close
684,small
685,businesses
686,4=fire
687,people
688,retirement
689,6=
690,file
691,bankruptcy
692,7=
693,move
694,8=
695,leave
696,community
697,ghost
698,town
699,fixthisshit
700,Team
701,USZA
702,pulled
703,47
704,hour
705,round
706,trip
707,rescue
708,14
709,animals
710,Stay
711,tuned
712,Just
713,Walmart
714,may
715,cause
716,many
717,animals
718,may
719,Euthanized
720,(
721,Details
722,live
723,video
724,coming
725,fixthisshit
726,The
727,Oklahoma
728,Press
729,Association
730,Gubernatorial
731,Candidate
732,Forum
733,two
734,weeks
735,away
736,We
737,plan
738,begin
739,1:45
740,p.m.
741,South
742,Event
743,Center
744,Grand
745,Casino
746,Hotel
747,Resort
748,Shawnee
749,approximately
750,75
751,Oklahoma
752,newspaper
753,publishers
754,editors
755,Would
756,boycott
757,Walmart
758,found
759,cause
760,60
761,tigers
762,starving
763,death
764,story_fbid=1806725142719985
765,id=506410132751499
766,Would
767,boycott
768,Walmart
769,found
770,cause
771,60
772,tigers
773,starving
774,death
775,story_fbid=2146596845368124
776,id=580813935279764
777,Would
778,boycott
779,Walmart
780,found
781,cause
782,60
783,tigers
784,starving
785,death
786,Would
787,boycott
788,Walmart
789,found
790,cause
791,DEATH
792,60
793,Tigers
794,If
795,want
796,change
797,Oklahoma
798,must
799,get
800,4
801,weeks
802,vote
803,change
804,let
805,fixthisshit
806,together
807,change
808,Any
809,volunteers
810,Wynnewood
811,sulphur
812,davis
813,want
814,go
815,ride
816,Tulsa
817,Pride
818,parade
819,Saturday
820,Private
821,message
822,Need
823,6
824,people
825,One
826,question
827,asked
828,last
829,night
830,opinion
831,pipeline
832,education
833,jobs
834,=answer
835,We
836,need
837,plumber
838,States
839,pipeline
840,plugged
841,Why
842,would
843,want
844,vote
845,NO
846,SQ788
847,1-
848,Pharmaceutical
849,companies
850,make
851,money
852,Opiates
853,2-
854,Politicians
855,make
856,money
857,Pharmaceutical
858,companies
859,3-
860,County
861,City
862,Law
863,Enforcement
864,District
865,attorneys
866,pay
867,bills
868,arresting
869,weed
870,4-
871,Vote
872,yes
873,SQ788
874,end
875,$
876,Tonight
877,debate
878,story_fbid=10156557118108969
879,id=131443908968
880,voteforjoehttps
881,Tonight
882,debate
883,Enid
884,Oklahoma
885,went
886,well
887,pleased
888,many
889,older
890,folks
891,came
892,thanked
893,saying
894,thinking
895,Truth
896,matters
897,people
898,days
899,pretty
900,sure
901,got
902,Flush
903,current
904,Oklahoma
905,politics
906,fixthisshit
907,We
908,learn
909,Oklahoma
910,love
911,respect
912,like
913,animals
914,truthful
915,bullshit
916,fixthisshit
917,lets
918,make
919,Oklahoma
920,awesome
921,Looks
922,like
923,low
924,hanging
925,fruit
926,sure
927,Weather
928,donghttps
929,So
930,channel
931,4
932,OKC
933,says
934,10
935,%
936,chance
937,low
938,hanging
939,tornadoes
940,today
941,What
942,think
943,Lol
944,You
945,needed
946,laugh
947,thanks
948,Are
949,going
950,vote
951,June
952,26th
953,SQ788
954,Joe
955,Exotic
956,going
957,allow
958,run
959,lives
960,another
961,4
962,years
963,raise
964,taxes
965,You
966,awesome
967,Holiday
968,Weekend
969,Party
970,dogs
971,drive
972,safe
973,need
974,stay
975,alive
976,If
977,think
978,election
979,joke
980,think
981,back
982,Watch
983,last
984,debate
985,see
986,call
987,fixthisshit
988,votejoeexotic
989,story_fbid=1803035489755617
990,id=506410132751499
991,If
992,think
993,election
994,joke
995,think
996,back
997,Watch
998,last
999,debate
1000,see
1001,call
1002,fixthisshit
1003,votejoeexotic
1004,story_fbid=2141911939169948
1005,id=580813935279764
1006,If
1007,think
1008,election
1009,joke
1010,think
1011,back
1012,Watch
1013,last
1014,debate
1015,see
1016,call
1017,fixthisshit
1018,votejoeexotic
1019,If
1020,think
1021,election
1022,joke
1023,think
1024,back
1025,Watch
1026,last
1027,debate
1028,see
1029,call
1030,fixthisshit
1031,votejoeexotic
1032,Go
1033,watch
1034,see
1035,stick
1036,people
1037,Go
1038,1hr
1039,21
1040,minutes
1041,it.https
1042,v=8lu5a9GLyc0
1043,Oklahoma
1044,While
1045,traveling
1046,weekend
1047,stop
1048,zoo
1049,exit
1050,64
1051,I-35
1052,pick
1053,yard
1054,signs
1055,visit
1056,Age
1057,two
1058,adult
1059,people
1060,love
1061,numbers
1062,Time
1063,live
1064,let
1065,live
1066,promise
1067,win
1068,election
1069,going
1070,freedom
1071,ever
1072,Medical
1073,Marijuana
1074,Politicians
1075,lie
1076,get
1077,vote
1078,But
1079,want
1080,vote
1081,YES
1082,story_fbid=2140341575993651
1083,id=580813935279764
1084,Do
1085,forget
1086,show
1087,tweet
1088,get
1089,50
1090,%
1091,tours
1092,play
1093,baby
1094,tigers
1095,weekend
1096,35
1097,exit
1098,64
1099,Another
1100,school
1101,shooting
1102,today
1103,It
1104,fad
1105,problem
1106,Get
1107,news
1108,fad
1109,dies
1110,feeling
1111,domestic
1112,situation
1113,got
1114,hand
1115,Assailant
1116,reportedly
1117,eye/ear
1118,protection
1119,victims
1120,targeted
1121,Definitely
1122,toxic
1123,masculinity
1124,play
1125,Hope
1126,victims
1127,pull
1128,Shooting
1129,OKC
1130,The
1131,one
1132,dead
1133,shooter
1134,thanks
1135,1=
1136,good
1137,people
1138,carry
1139,guns
1140,also
1141,2=
1142,restaurants
1143,gun
1144,free
1145,zones
1146,=Lives
1147,saved
1148,tonight
1149,This
1150,FUCKTARD
1151,thinks
1152,sign
1153,contract
1154,Fuck
1155,sign
1156,something
1157,stupid
1158,private
1159,club
1160,smart
1161,enough
1162,know
1163,lower
1164,taxes
1165,hell
1166,going
1167,fix
1168,shit
1169,taxes
1170,They
1171,want
1172,taxes
1173,need
1174,They
1175,lied
1176,asses
1177,last
1178,night
1179,forum
1180,Claremore
1181,Oklahoma
1182,They
1183,lied
1184,asses
1185,last
1186,night
1187,forum
1188,Claremore
1189,Oklahoma
1190,Saddens
1191,see
1192,public
1193,lied
1194,bad
1195,personal
1196,agendahttps
1197,90
1198,%
1199,governor
1200,candidates
1201,lied
1202,asses
1203,crowd
1204,tonight
1205,SQ788
1206,keep
1207,voting
1208,yes
1209,fixthisshit
1210,Really
1211,Facebook
1212,Advertising
1213,meth
1214,pipes
1215,You
1216,must
1217,love
1218,Mark
1219,Zuckerberg
1220,make
1221,buck
1222,Supporters
1223,Washington
1224,DC
1225,caught
1226,loves
1227,way
1228,Claremore
1229,Best
1230,damn
1231,water
1232,ever
1233,taste
1234,griffith_clete
1235,want
1236,know
1237,water
1238,taste
1239,like
1240,winninghttps
1241,Smoke
1242,Joe
1243,chase
1244,Joe
1245,spring
1246,Claremore
1247,Oklahoma
1248,tonight
1249,6pm
1250,Robson
1251,Performing
1252,Art
1253,Center
1254,Come
1255,listen
1256,debate
1257,get
1258,free
1259,signs
1260,stuff
1261,calm
1262,professional
1263,On
1264,June
1265,26th
1266,2018
1267,choice
1268,want
1269,life
1270,decisions
1271,made
1272,people
1273,So
1274,vote
1275,yes
1276,SQ788
1277,Joe
1278,Exotic
1279,let
1280,make
1281,Oklahoma
1282,Thank
1283,youhttps
1284,The
1285,new
1286,Government
1287,Oklahoma
1288,got
1289,Hell
1290,ya
1291,Welcome
1292,2018
1293,We
1294,need
1295,raise
1296,$
1297,1700.00
1298,May
1299,28th
1300,marketing
1301,material
1302,Tulsa
1303,Parade
1304,OKC
1305,Parade
1306,spare
1307,5.00
1308,go
1309,http
1310,retweet
1311,please
1312,Raised
1313,$
1314,250.00
1315,last
1316,request
1317,need
1318,raise
1319,$
1320,1700.00
1321,Tulsa
1322,Parade
1323,June
1324,2nd
1325,get
1326,marketing
1327,material
1328,10
1329,thousand
1330,voters
1331,Very
1332,important
1333,win
1334,Primaries
1335,SQ788
1336,take
1337,http
1338,Memorial
1339,Day
1340,Weekend
1341,come
1342,take
1343,tour
1344,show
1345,tweet
1346,50
1347,%
1348,whole
1349,day
1350,Play
1351,baby
1352,tigers
1353,camels
1354,lemurs
1355,The
1356,rest
1357,America
1358,would
1359,like
1360,demand
1361,courts
1362,fucking
1363,crooked
1364,Any
1365,answers
1366,Mr.
1367,PRES
1368,Claremore
1369,Oklahoma
1370,Wednesday
1371,6pm
1372,want
1373,come
1374,forum
1375,pick
1376,yard
1377,signs
1378,free
1379,stuff
1380,Robson
1381,Performing
1382,Arts
1383,Center
1384,101
1385,E.
1386,Stuart
1387,Roosa
1388,Claremore
1389,Oklahoma
1390,74017
1391,Vote
1392,yes
1393,SQ788
1394,Oklahoma
1395,June
1396,26
1397,$
1398,10.00
1399,$
1400,15.00
1401,hour
1402,fast
1403,food
1404,help
1405,wanted
1406,signs
1407,Still
1408,cant
1409,find
1410,help
1411,Vote
1412,Joe
1413,Exotic
1414,fixthisshit
1415,Tweakers
1416,non
1417,workers
1418,Prayers
1419,families
1420,lost
1421,loved
1422,ones
1423,today
1424,Trust
1425,know
1426,pain
1427,We
1428,able
1429,finish
1430,Primaries
1431,election
1432,aprox
1433,$
1434,2000.00
1435,marketing
1436,things
1437,The
1438,2
1439,biggest
1440,Parades
1441,Oklahoma
1442,around
1443,corner
1444,need
1445,make
1446,count
1447,Please
1448,help
1449,donate
1450,anything
1451,http
1452,We
1453,able
1454,finish
1455,Primaries
1456,election
1457,aprox
1458,$
1459,2000.00
1460,marketing
1461,things
1462,The
1463,2
1464,biggest
1465,Parades
1466,Oklahoma
1467,around
1468,corner
1469,need
1470,make
1471,count
1472,Please
1473,help
1474,donate
1475,anything
1476,http
1477,It
1478,sad
1479,society
1480,made
1481,children
1482,terrorists
1483,So
1484,Rex
1485,supporters
1486,crying
1487,behind
1488,say
1489,make
1490,bawl
1491,We
1492,got
1493,enough
1494,followers
1495,bust
1496,shit
1497,Go
1498,votehttps
1499,What
1500,Instagram
1501,people
1502,troll
1503,pictures
1504,account
1505,locked
1506,This
1507,morning
1508,great
1509,Grandpa
1510,4
1511,new
1512,Oklahoma
1513,tax
1514,commission
1515,touch
1516,sent
1517,renewal
1518,registration
1519,boat
1520,sold
1521,11
1522,years
1523,ago
1524,fixthisshit
1525,So
1526,everyone
1527,read
1528,names
1529,losers
1530,picking
1531,Joe
1532,voteforjoe2018
1533,Grandpa
1534,Let
1535,take
1536,Mansion
1537,Vote
1538,Joe
1539,Do
1540,realize
1541,loose
1542,3
1543,acres
1544,farm
1545,Land
1546,every
1547,minute
1548,building
1549,houses
1550,roads
1551,population
1552,http
1553,Now
1554,know
1555,like
1556,putting
1557,people
1558,prison
1559,non-violent
1560,crimes.http
1561,This
1562,guy
1563,ass
1564,He
1565,mad
1566,Husband
1567,got
1568,kicked
1569,University
1570,Tulsa
1571,However
1572,believe
1573,right
1574,die
1575,quality
1576,life
1577,gone
1578,like
1579,Oregon
1580,know
1581,want
1582,veggie
1583,nursing
1584,home
1585,50
1586,people
1587,go
1588,rest
1589,please
1590,Vote
1591,exotichttps
1592,Amazing
1593,travel
1594,moon
1595,ca
1596,watch
1597,satellite
1598,TV
1599,rain
1600,Joe
1601,go
1602,Chapo
1603,Here
1604,sample
1605,ballot
1606,June
1607,26
1608,fixthisshit
1609,vote
1610,Joe
1611,All
1612,people
1613,got
1614,rolling
1615,papers
1616,shirts
1617,go
1618,vote
1619,lets
1620,win
1621,horse
1622,race.https
1623,You
1624,vote
1625,today
1626,When
1627,hate
1628,job
1629,Remember
1630,someone
1631,blur
1632,private
1633,parts
1634,Naked
1635,Afraid
1636,That
1637,must
1638,suck
1639,.lol
1640,fun
1641,Go
1642,read
1643,tell
1644,truth
1645,Get
1646,everyone
1647,vote
1648,Now
1649,need
1650,governor
1651,supports
1652,ME
1653,Shit
1654,guys
1655,sure
1656,hell
1657,going
1658,let
1659,bunch
1660,tight
1661,ass
1662,politicians
1663,beat
1664,us
1665,online
1666,poll
1667,Go
1668,Vote
1669,lets
1670,take
1671,Oklahoma
1672,stormhttps
1673,winning
1674,Last
1675,poll
1676,election
1677,Let
1678,fixthisshit
1679,show
1680,sick
1681,way
1682,run
1683,politicshttps
1684,Last
1685,poll
1686,election
1687,Let
1688,fixthisshit
1689,show
1690,election
1691,going
1692,happen
1693,Go
1694,Votehttps
1695,Happy
1696,mother
1697,day
1698,moms
1699,May
1700,day
1701,blessed
1702,When
1703,candidate
1704,uses
1705,honest
1706,hashtag
1707,possiblehttps
1708,My
1709,take
1710,Gov
1711,Fallins
1712,veto
1713,Constitutional
1714,Carry
1715,Here
1716,list
1717,money
1718,people
1719,power
1720,say
1721,constitutional
1722,rights
1723,Now
1724,'m
1725,interested
1726,feel.http
1727,This
1728,right
1729,shows
1730,need
1731,governor
1732,votes
1733,people
1734,fixthisshit
1735,votejoeexotic
1736,http
1737,Not
1738,GOP
1739,Here
1740,awesome
1741,interview
1742,show
1743,vote
1744,me.http
1745,EVERYONE
1746,go
1747,find
1748,somewhere
1749,petition
1750,SQ797
1751,fully
1752,legalize
1753,marijuana
1754,SQ796
1755,put
1756,medical
1757,marijuana
1758,constitution
1759,politicians
1760,cant
1761,change
1762,Lets
1763,fixthisshit
1764,So
1765,voting
1766,June
1767,26
1768,fixthisshit
1769,yes
1770,SQ788
1771,Thank
1772,God
1773,Oklahoma
1774,middle
1775,U.S
1776,When
1777,missiles
1778,start
1779,flying
1780,got
1781,best
1782,chance
1783,Then
1784,expand
1785,dust
1786,settles
1787,(
1788,Just
1789,joke
1790,CNN
1791,way
1792,fucking
1793,tight
1794,Nuclear
1795,shit
1796,POTUS
1797,)
1798,The
1799,power
1800,turning
1801,beast
1802,lover
1803,If
1804,tigers
1805,love
1806,like
1807,think
1808,teach
1809,Oklahoma
1810,Oklahoma
1811,Stand
1812,Your
1813,Own
1814,Ground
1815,State
1816,But
1817,trust
1818,DA
1819,Judge
1820,system
1821,find
1822,innocent
1823,stand
1824,ground
1825,protect
1826,sure
1827,fuck
1828,fixthisshithttp
1829,We
1830,home
1831,stretch
1832,Election
1833,June
1834,26th
1835,got
1836,marketing
1837,$
1838,5.00
1839,$
1840,10.00
1841,worth
1842,voice
1843,saving
1844,rights
1845,Please
1846,donate
1847,http
1848,Registered
1849,Oklahoma
1850,Libertarians
1851,vote
1852,joe_exotic
1853,June
1854,26th
1855,fixthisshit
1856,The
1857,way
1858,read
1859,fuck
1860,elderly
1861,disabled
1862,give
1863,bonus
1864,breed
1865,people
1866,OMG
1867,fixthisshithttp
1868,Who
1869,hell
1870,needs
1871,taxpayer
1872,security
1873,walking
1874,next
1875,(
1876,One
1877,Tigers
1878,Paw
1879,)
1880,Its
1881,real
1882,'ve
1883,seen
1884,corruption
1885,first
1886,handhttps
1887,And
1888,resold.https
1889,Should
1890,Oklahoma
1891,legalize
1892,marijuana
1893,medical
1894,recreational
1895,States
1896,This
1897,Oklahoma
1898,treats
1899,small
1900,businesses
1901,Go
1902,read
1903,joe_exotic
1904,crushing
1905,today
1906,gubernatorial
1907,Forum
1908,GoJoeExotic
1909,3
1910,Yes
1911,Thank
1912,muchhttps
1913,How
1914,much
1915,USDA
1916,APHIS
1917,cost
1918,taxpayers
1919,FOIA
1920,fixthisshit
1921,story_fbid=1782258125166687
1922,id=506410132751499
1923,How
1924,much
1925,USDA
1926,APHIS
1927,cost
1928,taxpayers
1929,FOIA
1930,fixthisshit
1931,story_fbid=2116042095090266
1932,id=580813935279764
1933,How
1934,much
1935,USDA
1936,APHIS
1937,cost
1938,taxpayers
1939,FOIA
1940,fixthisshit
1941,Yes
1942,Thank
1943,youhttps
1944,If
1945,never
1946,registered
1947,vote
1948,let
1949,know
1950,Last
1951,day
1952,June
1953,1
1954,'ll
1955,send
1956,packet
1957,young
1958,vote
1959,Too
1960,Anyone
1961,need
1962,job
1963,The
1964,zoo
1965,needs
1966,photographer
1967,Place
1968,stay
1969,bills
1970,paid
1971,water
1972,cable
1973,elec
1974,300.00
1975,wk
1976,pocket
1977,DM
1978,info
1979,We
1980,need
1981,places
1982,hold
1983,debates
1984,June
1985,26th
1986,people
1987,deserve
1988,ask
1989,questions
1990,And
1991,confront
1992,policies
1993,So
1994,Rich
1995,Candidates
1996,say
1997,think
1998,want
1999,hear
2000,depending
2001,crowd
2002,At
2003,last
2004,debate
2005,Todd
2006,Lamb
2007,corporate
2008,jobs
2009,big
2010,business
2011,put
2012,last
2013,video
2014,news
2015,DonaldJTrumpJr
2016,claim
2017,sm
2018,business
2019,holds
2020,OK
2021,together
2022,Animals
2023,people
2024,safe
2025,Bit
2026,water
2027,house
2028,The
2029,water
2030,coming
2031,new
2032,governors
2033,mansion
2034,Is
2035,life
2036,Still
2037,would
2038,change
2039,nothing
2040,Honest
2041,Hang
2042,ass
2043,Eleanor
2044,storms
2045,say
2046,make
2047,lobbyist
2048,illegal
2049,together
2050,keep
2051,politicians
2052,honest.https
2053,utm_campaign=coschedule
2054,utm_source=twitter
2055,utm_medium=nondocmedia
2056,utm_content=Cool
2057,%
2058,20it
2059,%
2060,20Ethics
2061,%
2062,20Commission
2063,%
2064,20Legislature
2065,%
2066,20clash
2067,%
2068,20over
2069,%
2070,20rules
2071,So
2072,Tulsa
2073,World
2074,says
2075,one
2076,money
2077,wins
2078,election
2079,Todd
2080,Lamb
2081,Stitt
2082,millionaires
2083,gain
2084,wins
2085,say
2086,people
2087,sick
2088,rich
2089,people
2090,running
2091,lives
2092,win
2093,honest
2094,http
2095,want
2096,$
2097,Lil
2098,said
2099,women
2100,If
2101,wanted
2102,sell
2103,shit
2104,cant
2105,joeforgov
2106,mymanhttps
2107,said
2108,crooks
2109,need
2110,someone
2111,hold
2112,accountable
2113,Here
2114,missing
2115,money
2116,could
2117,done
2118,education
2119,mental
2120,health
2121,fixthisshit
2122,votejoeexotic
2123,http
2124,story=38081928
2125,catId=112042
2126,Should
2127,prostitution
2128,legal
2129,It
2130,body
2131,20
2132,dollars
2133,20
2134,dollars
2135,Lol
2136,fixthisshit
2137,votejoeexotichttps
2138,Thank
2139,Let
2140,keep
2141,real
2142,people
2143,Just
2144,snakes
2145,dont
2146,give
2147,shit
2148,us
2149,Let
2150,bitch
2151,real
2152,problems
2153,State
2154,race
2155,rich
2156,problems
2157,Let
2158,bitch
2159,real
2160,problems
2161,State
2162,race
2163,rich
2164,problems
2165,story_fbid=2111107295583746
2166,id=580813935279764
2167,Let
2168,bitch
2169,real
2170,problems
2171,State
2172,race
2173,rich
2174,problems
2175,story_fbid=1778221032237063
2176,id=506410132751499
2177,Here
2178,bitch
2179,ROTFLMAOhttps
2180,Such
2181,disrespecthttps
2182,think
2183,got
2184,raped
2185,toll
2186,booth
2187,point
2188,ever
2189,bitches
2190,debate
2191,What
2192,PRICK
2193,And
2194,would
2195,respect
2196,family
2197,gain
2198,something
2199,win
2200,fixthisshit
2201,dontvotegaryrichardsonhttp
2202,joe_exotic
2203,Capitol
2204,protesting
2205,WITH
2206,teachers
2207,He
2208,gubernatorial
2209,candidate
2210,party
2211,saw
2212,Oklahoma
2213,needs
2214,Governor
2215,compassionate
2216,everyone
2217,everything
2218,instead
2219,benefits
2220,him/her
2221,Its
2222,way
2223,get
2224,Oklahoma
2225,people
2226,back
2227,one
2228,else
2229,took
2230,time
2231,real
2232,sent
2233,aids
2234,themhttps
2235,iamjohnoliver
2236,incidentally
2237,joe_exotic
2238,non
2239,Democrat
2240,gubernatorial
2241,candidate
2242,oklahoma
2243,explicitly
2244,unconditionally
2245,pro
2246,oked
2247,iamjohnoliver
2248,thought
2249,might
2250,interested
2251,given
2252,piece
2253,LastWeekTonight
2254,joe_exotic
2255,running
2256,governor
2257,oklahoma
2258,First
2259,Oklahoma
2260,gubernatorial
2261,candidate
2262,release
2263,kissing
2264,photo
2265,election2018
2266,keeping
2267,steamier
2268,spouse
2269,shots
2270,seen
2271,far.https
2272,And
2273,BeverlyBallew
2274,*I
2275,knownfor
2276,40+
2277,years
2278,Can
2279,get
2280,followers
2281,beautifulloozer
2282,gentlemindmom
2283,lisa_jocko
2284,Stand4Animals1
2285,Moon_Rafiq_90
2286,And_R_Chelsea
2287,kamakuraotko
2288,katkel_sc
2289,And
2290,everyone
2291,needs
2292,joe_exotic
2293,lives
2294,Someone
2295,tell
2296,guy
2297,'m
2298,Thank
2299,sir
2300,How
2301,fun
2302,Thanks
2303,cominghttps
2304,Awesome
2305,love
2306,yahttps
2307,If
2308,ever
2309,saw
2310,paid
2311,crowd
2312,clap
2313,attend
2314,person
2315,online
2316,last
2317,night
2318,right
2319,along
2320,dozen
2321,body
2322,guards
2323,Dog
2324,pony
2325,show
2326,From
2327,debates
2328,Forums
2329,never
2330,get
2331,Tax
2332,Tax
2333,give
2334,breaks
2335,big
2336,guys
2337,Let
2338,fight
2339,real
2340,problems
2341,whole
2342,State
2343,people
2344,need
2345,help
2346,education
2347,real
2348,people
2349,need
2350,excel
2351,need
2352,Thank
2353,mam
2354,All
2355,care
2356,corporate
2357,jobs
2358,never
2359,understand
2360,underlying
2361,problem
2362,rest
2363,Oklahoma
2364,people
2365,really
2366,live
2367,pay
2368,bills
2369,let
2370,raise
2371,taxes
2372,answer
2373,every
2374,problem
2375,FixThisShit
2376,Thank
2377,mehttps
2378,Awesome
2379,debate
2380,Thanks
2381,support
2382,love
2383,people
2384,Oklahoma
2385,let
2386,fixthisshit
2387,Me
2388,need
2389,tax
2390,payer
2391,one.https
2392,A
2393,pics
2394,tonight
2395,FOIoklahoma
2396,gubernatorial
2397,debate
2398,It
2399,gets
2400,underway
2401,5
2402,pm
2403,FOIOKdebate
2404,–
2405,Nigh
2406,University
2407,Center
2408,FOIOKDebate
2409,end
2410,nears
2411,calling
2412,joe_exotic
2413,winner
2414,laugh
2415,lines
2416,including
2417,“
2418,got
2419,long
2420,hair
2421,smoke
2422,pot
2423,”
2424,calling
2425,city
2426,council
2427,members
2428,“
2429,baby
2430,politicians
2431,”
2432,Tonight
2433,ask
2434,questions
2435,via
2436,Twitter
2437,facebook
2438,debate
2439,5pm
2440,Live
2441,stream
2442,http
2443,FOIoklahoma
2444,Oklahoma
2445,Governor
2446,Joe
2447,Exotic
2448,Picnics
2449,Striped
2450,Horse.https
2451,When
2452,love
2453,respect
2454,works
2455,ways
2456,Let
2457,Make
2458,Oklahoma
2459,Awesome
2460,Come
2461,See
2462,Me
2463,Tonight
2464,A
2465,real
2466,debate
2467,real
2468,questions
2469,FOI-OK
2470,Gubernatorial
2471,Debate
2472,Open
2473,Government
2474,The
2475,First
2476,Amendment
2477,5-7
2478,p.m.
2479,Saturday
2480,April
2481,28
2482,Constitution
2483,Hall
2484,Nigh
2485,University
2486,Center
2487,University
2488,Central
2489,Oklahoma
2490,100
2491,N.
2492,University
2493,Dr.
2494,Edmond
2495,OK
2496,73034
2497,Again
2498,Lobbyist
2499,Lawyers
2500,They
2501,banned
2502,holding
2503,political
2504,office
2505,Its
2506,moneyhttps
2507,Thank
2508,Sir
2509,Only
2510,Oklahomahttp
2511,refresh
2512,Heading
2513,home
2514,TX
2515,new
2516,kid
2517,Bug
2518,debate
2519,Saturday
2520,night
2521,UCO
2522,See
2523,ya
2524,Hello
2525,Oklahoma
2526,Our
2527,current
2528,politicians
2529,All
2530,You
2531,would
2532,think
2533,would
2534,wanting
2535,votes
2536,dividing
2537,State
2538,election
2539,fixthisshit
2540,800
2541,mil
2542,budget
2543,waste
2544,time
2545,onhttps
2546,Love
2547,Meganhttps
2548,got
2549,backhttps
2550,Bet
2551,Joe
2552,Exotic
2553,apparently
2554,oblivious
2555,Kevin
2556,Stitt
2557,OSU
2558,gang
2559,love
2560,Count
2561,ithttps
2562,But
2563,cant
2564,pitbullhttp
2565,We
2566,heard.https
2567,thank
2568,enough
2569,overwhelming
2570,support
2571,let
2572,Stillwater
2573,blessed
2574,dayhttps
2575,know
2576,gon
2577,na
2578,5:30
2579,The
2580,Hollywood
2581,Weekly
2582,Magazine
2583,Just
2584,Came
2585,Out
2586,Be
2587,square
2588,fixthisshithttps
2589,OSU
2590,People
2591,Stillwater
2592,Tonight
2593,5.30
2594,7.30
2595,OSU
2596,Student
2597,Union
2598,Theater
2599,203
2600,form
2601,Come
2602,get
2603,yard
2604,signs
2605,rolling
2606,papers
2607,listen
2608,form
2609,lets
2610,fixthisshit
2611,Will
2612,video
2613,tomorrow
2614,up.https
2615,Seth
2616,provide
2617,free
2618,hats
2619,Seth
2620,provide
2621,free
2622,hats
2623,Lol
2624,Purcell
2625,Is
2626,CalebGotKicks
2627,see
2628,Cool
2629,Thank
2630,My
2631,OU
2632,crew
2633,OU
2634,says
2635,vote
2636,Joe
2637,Exotic
2638,Yeshttps
2639,OU
2640,supporters
2641,sure
2642,come
2643,get
2644,yard
2645,signs
2646,tonight
2647,debate
2648,Norman
2649,student
2650,union
2651,7pm
2652,9pm
2653,Headed
2654,Fox
2655,26
2656,interview
2657,one
2658,philsnews
2659,So
2660,effort
2661,still
2662,get
2663,5
2664,day
2665,school
2666,days
2667,classroom
2668,supplies
2669,DOC
2670,got
2671,1/2
2672,Billion
2673,165
2674,mil
2675,Dept
2676,Trans
2677,fixthisshit
2678,Still
2679,waiting
2680,see
2681,passes
2682,TONIGHT
2683,pick
2684,yard
2685,signs
2686,location
2687,debate
2688,7pm
2689,Scholars
2690,Room
2691,Memorial
2692,Union
2693,Come
2694,let
2695,voice
2696,heard
2697,See
2698,ya
2699,So
2700,USDA
2701,spends
2702,5mil
2703,buy
2704,land
2705,built
2706,building
2707,Paul
2708,valley
2709,OK
2710,uses
2711,6mo
2712,Now
2713,empty
2714,sale
2715,Why
2716,make
2717,free
2718,drug
2719,birth
2720,cntr
2721,clinic
2722,help
2723,Did
2724,know
2725,Oklahoma
2726,one
2727,prison
2728,man
2729,convicted
2730,2008
2731,3
2732,life
2733,sentences
2734,murder
2735,WE
2736,TAXPAYERS
2737,paying
2738,sex
2739,change
2740,private
2741,cell
2742,fixthisshit
2743,owe
2744,$
2745,40
2746,back
2747,taxes
2748,take
2749,license
2750,away
2751,work
2752,You
2753,better
2754,vote
2755,yes
2756,SQ788
2757,cause
2758,got
2759,first
2760,load
2761,soil
2762,start
2763,growing
2764,Joe
2765,Exotic
2766,herb
2767,min
2768,say
2769,You
2770,guys
2771,crack
2772,TheLostOglehttps
2773,more-78906
2774,You
2775,come
2776,listen
2777,Pick
2778,yard
2779,signs
2780,therehttps
2781,Mick
2782,Cornett
2783,video
2784,last
2785,form
2786,admitting
2787,paid
2788,lobbyist
2789,100k
2790,City
2791,OKC
2792,influence
2793,politicians
2794,Capitol
2795,Ban
2796,Lobbyist
2797,use
2798,money
2799,build
2800,tiny
2801,houses
2802,homeless
2803,vets
2804,Make
2805,politicians
2806,honest
2807,thank
2808,youhttps
2809,Get
2810,Joe_exotic
2811,FYI
2812,everyone
2813,Joe
2814,Exotic
2815,NOT
2816,cutting
2817,hair
2818,gets
2819,elected
2820,governor
2821,appear
2822,discussion.https
2823,Get
2824,ass
2825,We
2826,banning
2827,lobbyists
2828,vetoing
2829,Bill
2830,personal
2831,rights
2832,n
2833,freedoms
2834,fixthisshithttps
2835,Trust
2836,'m
2837,one
2838,count
2839,staying
2840,true
2841,wordhttps
2842,NOT
2843,GOING
2844,TO
2845,HAPPEN
2846,hell
2847,hair
2848,got
2849,anything
2850,would
2851,represent
2852,half
2853,3.5
2854,mil
2855,people
2856,long
2857,hair
2858,beards
2859,would
2860,make
2861,honest
2862,hypocrite
2863,All
2864,OU
2865,supporters
2866,miss
2867,You
2868,gon
2869,na
2870,pull
2871,hair
2872,onehttps
2873,Could
2874,imagine
2875,Mansion
2876,instead
2877,Mary
2878,Fallin
2879,daughters
2880,trailer
2881,house
2882,lol
2883,Love
2884,ya
2885,back
2886,Yes
2887,loved
2888,baby
2889,tigers
2890,Very
2891,sad
2892,died
2893,plane
2894,crash
2895,Proves
2896,live
2897,today
2898,today
2899,expel
2900,BS
2901,hatred
2902,life
2903,life
2904,short
2905,Thank
2906,helping
2907,build
2908,nursery
2909,memory.https
2910,At
2911,Footloose
2912,Festival
2913,today
2914,Gym
2915,If
2916,live
2917,close
2918,Elmore
2919,City
2920,come
2921,get
2922,yard
2923,sign
2924,let
2925,fixthisshit
2926,Lots
2927,new
2928,voters
2929,year
2930,Going
2931,interesting
2932,Shit
2933,would
2934,nice
2935,LOL
2936,Maybe
2937,like
2938,Trump
2939,build
2940,big
2941,ass
2942,wall
2943,keep
2944,clouds
2945,Texas
2946,side
2947,boarder
2948,weekends
2949,make
2950,Texas
2951,pay
2952,Rain
2953,good
2954,always
2955,weekend
2956,No
2957,shot
2958,fixthisshithttps
2959,You
2960,wonder
2961,kids
2962,taught
2963,closed-minded
2964,school
2965,How
2966,far
2967,special
2968,interest
2969,groups
2970,enforce
2971,agendas
2972,This
2973,State
2974,test
2975,Tulsa
2976,3rd
2977,grader
2978,forced
2979,take
2980,What
2981,teaching
2982,anything
2983,agendas
2984,wonder
2985,whats
2986,And
2987,wonder
2988,nothing
2989,gets
2990,done
2991,Lite
2992,one
2993,No
2994,incase
2995,encounter
2996,animal
2997,rights
2998,groups
2999,It
3000,would
3001,weed
3002,crooks
3003,huh
3004,They
3005,know
3006,'re
3007,fake
3008,cold
3009,heart
3010,Let
3011,debate
3012,cage
3013,see
3014,trust
3015,Thank
3016,let
3017,This
3018,election
3019,remember
3020,vote
3021,serve
3022,people
3023,ones
3024,bosses
3025,elected
3026,elected
3027,intended
3028,bosses
3029,Vote
3030,smart
3031,fixthisshit
3032,debate
3033,``
3034,Form
3035,``
3036,Simmons
3037,Center
3038,today
3039,5.30-7.30
3040,live
3041,Duncan
3042,come
3043,see
3044,fireworks
3045,pick
3046,yard
3047,sign
3048,Thank
3049,sirhttps
3050,Your
3051,children
3052,sent
3053,home
3054,Standardized
3055,test
3056,school
3057,nothing
3058,agenda
3059,call
3060,Bullshit
3061,State
3062,Education
3063,System
3064,needs
3065,answer
3066,children
3067,joe_exotic
3068,busthttps
3069,Your
3070,children
3071,sent
3072,home
3073,Standardized
3074,test
3075,school
3076,nothing
3077,agenda
3078,call
3079,Bullshit
3080,State
3081,Education
3082,System
3083,needs
3084,answer
3085,children
3086,Your
3087,children
3088,sent
3089,home
3090,Standardized
3091,test
3092,school
3093,nothing
3094,agenda
3095,call
3096,Bullshit
3097,State
3098,Education
3099,System
3100,needs
3101,answer
3102,story_fbid=2095729597121516
3103,id=580813935279764
3104,Your
3105,children
3106,sent
3107,home
3108,Standardized
3109,test
3110,school
3111,nothing
3112,agenda
3113,call
3114,Bullshit
3115,State
3116,Education
3117,System
3118,needs
3119,answer
3120,story_fbid=1765398026852697
3121,id=506410132751499
3122,damn
3123,straighthttps
3124,Where
3125,Rolling
3126,Paper
3127,voters
3128,Go
3129,show
3130,election
3131,day
3132,going
3133,work
3134,GO
3135,VOTE
3136,ON
3137,THIS
3138,POLLhttps
3139,Oh
3140,hell
3141,another
3142,online
3143,poll
3144,Go
3145,vote
3146,folkshttps
3147,JenniWil48
3148,need
3149,move
3150,Oklahoma
3151,No
3152,doubthttps
3153,Come
3154,watch
3155,bad
3156,liehttps
3157,My
3158,Governor
3159,name
3160,Joe
3161,Maldanado-Passage
3162,Not
3163,sure
3164,talking
3165,fixthisshit
3166,would
3167,rather
3168,speak
3169,people
3170,people
3171,It
3172,time
3173,heard
3174,talking
3175,instead
3176,talked
3177,like
3178,Government
3179,children
3180,They
3181,want
3182,Government
3183,aid
3184,make
3185,illegal
3186,live
3187,grid
3188,take
3189,care
3190,fixthisshit
3191,Had
3192,great
3193,interview
3194,morning
3195,Political
3196,T
3197,T
3198,Let
3199,take
3200,rights
3201,back
3202,fixthisshit
3203,'d
3204,rather
3205,condoms
3206,Kids
3207,sex
3208,It
3209,always
3210,way
3211,We
3212,one
3213,highest
3214,teen
3215,pregnancy
3216,rate
3217,country
3218,We
3219,need
3220,stop
3221,prudish
3222,open
3223,eyes
3224,Their
3225,worried
3226,got
3227,outright
3228,slander
3229,It
3230,rolling
3231,papers
3232,handed
3233,condoms
3234,Are
3235,want
3236,office
3237,Lying
3238,Thank
3239,youhttps
3240,Found
3241,new
3242,cover
3243,photohttps
3244,Thank
3245,Rob
3246,Billboards
3247,To
3248,love
3249,love
3250,Even
3251,With
3252,bullshit
3253,world
3254,today
3255,POTUS
3256,could
3257,come
3258,today
3259,sign
3260,bill
3261,allowing
3262,mother
3263,grizzly
3264,bears
3265,mother
3266,wolves
3267,shot
3268,cubs
3269,Get
3270,ass
3271,Mr.
3272,get
3273,HR2603
3274,passed
3275,signed
3276,save
3277,1
3278,billion
3279,fbid=949128065255997
3280,set=a.105480966287382.12647.100004764370656
3281,type=3
3282,fbid=949128065255997
3283,set=a.105480966287382.12647.100004764370656
3284,type=3
3285,story_fbid=2093484360679373
3286,id=580813935279764
3287,fbid=949128065255997
3288,set=a.105480966287382.12647.100004764370656
3289,type=3
3290,story_fbid=1763638227028677
3291,id=506410132751499
3292,Boom
3293,fbid=949128065255997
3294,set=a.105480966287382.12647.100004764370656
3295,type=3
3296,You
3297,go
3298,read
3299,whole
3300,thing
3301,online
3302,Boom
3303,fbid=949128065255997
3304,set=a.105480966287382.12647.100004764370656
3305,type=3
3306,You
3307,go
3308,read
3309,whole
3310,thing
3311,online
3312,'m
3313,worried
3314,lootershttps
3315,To
3316,become
3317,Governor
3318,Oklahoma
3319,support
3320,rights
3321,everyone
3322,Even
3323,assholes
3324,Because
3325,become
3326,Governor
3327,enjoy
3328,life
3329,freedom
3330,much
3331,wo
3332,need
3333,asshole
3334,hate
3335,life
3336,longer
3337,Be
3338,sure
3339,check
3340,new
3341,site
3342,http
3343,start
3344,shows
3345,back
3346,soon
3347,http
3348,If
3349,Russia
3350,strikes
3351,invades
3352,U.S.
3353,Anti
3354,Gun
3355,Ownership
3356,people
3357,ready
3358,stand
3359,front
3360,line
3361,throw
3362,rocks
3363,back
3364,AR15
3365,OOOH
3366,weather
3367,sucks
3368,ass
3369,want
3370,get
3371,Maybe
3372,Wednesday
3373,huh
3374,Spent
3375,day
3376,yesterday
3377,talking
3378,folks
3379,pretty
3380,impressive
3381,many
3382,Republicans
3383,Democrats
3384,say
3385,voting
3386,General
3387,Election
3388,So
3389,lets
3390,win
3391,Primaries
3392,MaryFallin
3393,done
3394,terrible
3395,job
3396,governor
3397,WAIT
3398,joe_exotic
3399,takes
3400,place
3401,Not
3402,sure
3403,bots
3404,parody
3405,accounts
3406,came
3407,blocking
3408,trashing
3409,news
3410,feed
3411,Go
3412,play
3413,elsewhere
3414,You
3415,made
3416,inside
3417,months
3418,Hollywood
3419,Weekly
3420,Magazine
3421,How
3422,cool
3423,My
3424,speech
3425,yesterday
3426,Duncan
3427,SQ788
3428,The
3429,cover
3430,national
3431,magazine
3432,sent
3433,every
3434,Let
3435,see
3436,likes
3437,comments
3438,people
3439,wanting
3440,fixthisshit
3441,Shake
3442,story_fbid=947582345410569
3443,id=100004764370656
3444,When
3445,one
3446,shows
3447,Hey
3448,transitioned
3449,anarchism
3450,left-libertarian
3451,minarchism
3452,support
3453,rule
3454,Exotic.https
3455,This
3456,dude
3457,best
3458,campaign
3459,ad
3460,2016
3461,presidential
3462,election.https
3463,Yard
3464,signs
3465,ya
3466,think
3467,Not
3468,sending
3469,middle
3470,May
3471,waste
3472,mailing
3473,post
3474,town
3475,pick
3476,If
3477,Duncan
3478,Area
3479,tomorrow
3480,main
3481,speaker
3482,Political
3483,corruption
3484,starts
3485,mini
3486,crooked
3487,politicians
3488,called
3489,City
3490,Council
3491,men
3492,women
3493,Then
3494,grow
3495,become
3496,crooked
3497,Senators
3498,Representatives
3499,Buck
3500,stops
3501,fixthisshit
3502,If
3503,change
3504,There
3505,might
3506,later
3507,``
3508,Joe
3509,Exotic
3510,``
3511,This
3512,would
3513,happening
3514,joe_exotic
3515,governor
3516,Just
3517,saying
3518,governor
3519,know
3520,needed
3521,Would
3522,stop
3523,charitable
3524,making
3525,everyone
3526,planet
3527,look
3528,bad
3529,Go
3530,joe
3531,Much
3532,love
3533,Not
3534,anymorehttps
3535,Had
3536,blast
3537,helping
3538,raise
3539,money
3540,disabled
3541,today
3542,wit
3543,Pi
3544,Kappa
3545,Spent
3546,time
3547,Pi
3548,Kappa
3549,Pups
3550,today
3551,raising
3552,money
3553,disabled
3554,people
3555,Thanks
3556,guys
3557,We
3558,need
3559,joe_exotic
3560,Thank
3561,youhttps
3562,Thank
3563,youhttps
3564,Total
3565,bullshit
3566,story_fbid=946548282180642
3567,id=100004764370656
3568,We
3569,got
3570,stop
3571,taking
3572,voice
3573,rights
3574,away
3575,We
3576,got
3577,stop
3578,taking
3579,voice
3580,rights
3581,away
3582,story_fbid=2087745337919942
3583,id=580813935279764
3584,We
3585,got
3586,stop
3587,taking
3588,voice
3589,rights
3590,away
3591,story_fbid=1758743384184828
3592,id=506410132751499
3593,Vote
3594,everyone
3595,voted
3596,yes
3597,Its
3598,never
3599,Now
3600,playing
3601,Enough
3602,said
3603,fbid=946449975523806
3604,set=a.105480966287382.12647.100004764370656
3605,type=3
3606,Ya
3607,OK
3608,4
3609,days
3610,lets
3611,spread
3612,real
3613,newshttps
3614,fixthisshit
3615,much
3616,else
3617,Do
3618,need
3619,say
3620,anymore
3621,Chicken
3622,Shit
3623,Firing
3624,300
3625,employees
3626,instead
3627,firing
3628,10
3629,Its
3630,official
3631,On
3632,ballot
3633,morning
3634,Joe
3635,exotic
3636,fir
3637,governor
3638,History
3639,made
3640,folks
3641,fixthisshit
3642,Anyone
3643,looking
3644,photography
3645,job
3646,Have
3647,2
3648,openings
3649,zoo
3650,Private
3651,message
3652,interested
3653,We
3654,together
3655,Funny
3656,come
3657,2.6
3658,million
3659,dollars
3660,security
3661,Capitol
3662,night
3663,ca
3664,pay
3665,teachers
3666,Where
3667,hiding
3668,Only
3669,Oklahoma
3670,drive
3671,deer
3672,The
3673,way
3674,ashamed
3675,anymore
3676,votejoeexotic
3677,fixthisshithttp
3678,The
3679,new
3680,wave
3681,Democrats
3682,Republicans
3683,love
3684,Get
3685,primaries
3686,ONE
3687,For
3688,people
3689,joe_exotic
3690,prezzzz
3691,3rd
3692,day
3693,Capitol
3694,paid
3695,protester
3696,Instead
3697,Arming
3698,Teachers
3699,Guns
3700,Why
3701,Not
3702,go
3703,Back
3704,Arming
3705,Parents
3706,Belts
3707,n
3708,Switches
3709,Worked
3710,Fine
3711,My
3712,Generation
3713,Some
3714,parents
3715,hate
3716,walkout
3717,babysit
3718,little
3719,monsters
3720,created
3721,manners
3722,back
3723,Capitol
3724,around
3725,1pm
3726,fixthisshit
3727,Screw
3728,gas
3729,tax
3730,ride
3731,horse
3732,pay
3733,teacher
3734,Having
3735,Mark
3736,Zukerberg
3737,testify
3738,committee
3739,received
3740,money
3741,facebook
3742,makes
3743,much
3744,sense
3745,gay
3746,man
3747,washing
3748,hands
3749,touches
3750,penis
3751,This
3752,wrong
3753,politicians
3754,85
3755,%
3756,House
3757,Committee
3758,“
3759,Questioning
3760,”
3761,Zuckerberg
3762,Next
3763,Week
3764,Has
3765,Been
3766,Given
3767,Money
3768,Facebookhttp
3769,New
3770,threat
3771,Fire
3772,someone
3773,smoking
3774,meth
3775,coming
3776,work
3777,tweaking
3778,works
3779,around
3780,tigers
3781,threaten
3782,discrimination
3783,suit
3784,firing
3785,everyone
3786,test
3787,positive
3788,weed
3789,Your
3790,thoughts
3791,WTF
3792,next
3793,Have
3794,ever
3795,met
3796,recourse
3797,parent
3798,try
3799,discipline
3800,child
3801,But
3802,teachers
3803,suppose
3804,babysit
3805,huh
3806,A
3807,legend
3808,When
3809,think
3810,life
3811,beating
3812,Deep
3813,breath
3814,Stand
3815,Say
3816,Fuck
3817,world
3818,charge
3819,life
3820,Go
3821,one
3822,day
3823,Thanks
3824,support
3825,Give
3826,Libertarian
3827,folks
3828,follow
3829,(
3830,Voluntarily
3831,course
3832,)
3833,FF
3834,JaredLord4Gov
3835,HorstforNC
3836,liamforliberty
3837,TommyBrownIII1
3838,braun4assembly
3839,PattyforLiberty
3840,LiberateDC2018
3841,JoeExotic
3842,Hogan4Congress
3843,WILibertyNews
3844,Layda2018
3845,walden4pa53
3846,wsh4idaho
3847,TxHopsfarmer
3848,That
3849,small
3850,fire
3851,Trump
3852,tower
3853,But
3854,hey
3855,still
3856,The
3857,teachers
3858,Capitol
3859,political
3860,Does
3861,politician
3862,wearing
3863,suit
3864,make
3865,honest
3866,make
3867,think
3868,wear
3869,suits
3870,refuse
3871,wear
3872,one
3873,would
3874,make
3875,fake
3876,real
3877,person
3878,impress
3879,Talk
3880,teacher
3881,walkout
3882,live
3883,Joe
3884,Exotic
3885,http
3886,http
3887,And
3888,fixthisshithttps
3889,Now
3890,time
3891,show
3892,others
3893,serious
3894,Ready
3895,hand
3896,Snow
3897,Earth
3898,Quakes
3899,time
3900,Only
3901,Oklahoma
3902,Refineries
3903,polluting
3904,air
3905,rivers
3906,Drillers
3907,sucking
3908,life
3909,us
3910,Why
3911,would
3912,subject
3913,new
3914,born
3915,child
3916,going
3917,happen
3918,30
3919,years
3920,``
3921,What
3922,like
3923,living
3924,Oklahoma
3925,``
3926,Well
3927,imagine
3928,'re
3929,sitting
3930,outside
3931,sunshine
3932,80
3933,degrees
3934,getting
3935,freeze
3936,warning
3937,phone
3938,ca
3939,read
3940,school
3941,enough
3942,money
3943,buy
3944,books
3945,The
3946,way
3947,fixthisshit
3948,vote
3949,lets
3950,start
3951,new
3952,Gon
3953,na
3954,say
3955,``
3956,The
3957,TigerKing
3958,``
3959,Vote
3960,Joe
3961,Exotic
3962,fixthisshit
3963,close
3964,mansion
3965,give
3966,money
3967,schools
3968,cut
3969,politicians
3970,pay
3971,10k
3972,per
3973,year
3974,give
3975,schools
3976,ai
3977,seen
3978,shit
3979,yet
3980,get
3981,folks
3982,April
3983,11th
3984,4-7pm
3985,Pi
3986,Kapp
3987,Pups
3988,event
3989,500
3990,Elmwood
3991,Dr
3992,Norman
3993,helping
3994,raise
3995,money
3996,mentally
3997,ill
3998,handicap
3999,folks
4000,100
4001,zoo
4002,passes
4003,worth
4004,55.00
4005,5.00
4006,donation
4007,cause
4008,offered
4009,come
4010,help
4011,great
4012,cause
4013,give
4014,100
4015,zoo
4016,passes
4017,worth
4018,55.00
4019,people
4020,donate
4021,$
4022,5.00
4023,cause
4024,day
4025,them.https
4026,Me-bob
4027,solute
4028,troops
4029,Me-staff
4030,member
4031,dump
4032,trash
4033,please
4034,Me-
4035,think
4036,job
4037,right
4038,You
4039,Bartender
4040,FallingRockTap
4041,Denver
4042,asks
4043,tell
4044,OKC
4045,He
4046,jokingly
4047,asks
4048,“
4049,teachers
4050,”
4051,He
4052,talks
4053,teachers
4054,Oklahoma
4055,everyone
4056,pulling
4057,Keep
4058,teachers
4059,Lolhttps
4060,They
4061,full
4062,shit
4063,fixthisshit
4064,They
4065,full
4066,shit
4067,fixthisshit
4068,story_fbid=1752646254794541
4069,id=506410132751499
4070,They
4071,full
4072,shit
4073,fixthisshit
4074,story_fbid=2080193442008465
4075,id=580813935279764
4076,New
4077,facebook
4078,cover
4079,Now
4080,get
4081,HR
4082,2603
4083,passed
4084,make
4085,sense
4086,laws
4087,DonaldJTrumpJr
4088,You
4089,think
4090,chance
4091,whatsoever
4092,mass
4093,shooters
4094,hateful
4095,Instagram
4096,YouTube
4097,channels
4098,would
4099,pulled
4100,immediately
4101,NRA
4102,members
4103,opposed
4104,liberal
4105,Vegan
4106,PETA
4107,activists
4108,Asking
4109,million
4110,friends
4111,NRA
4112,Photo
4113,Bomb
4114,News
4115,9
4116,'m
4117,voting
4118,joe_exotic
4119,Thank
4120,sirhttps
4121,Love
4122,guyshttps
4123,story_fbid=2487511011275222
4124,id=610688142290861
4125,Here
4126,ya
4127,go
4128,Do
4129,talk
4130,shit
4131,story_fbid=942878635880940
4132,id=100004764370656
4133,This
4134,man
4135,right
4136,going
4137,OUR
4138,Secretary
4139,Education
4140,trust
4141,Dr.
4142,580DrBeckham
4143,going
4144,fixthisshit
4145,right
4146,along
4147,get
4148,vote
4149,He
4150,Superintendent
4151,plan
4152,kick
4153,politics
4154,votethisguyouttoo
4155,honored
4156,respect
4157,people
4158,point
4159,put
4160,name
4161,signs
4162,protest
4163,shirts
4164,stand
4165,proud
4166,behind
4167,keep
4168,honored
4169,respect
4170,people
4171,point
4172,put
4173,name
4174,signs
4175,protest
4176,shirts
4177,stand
4178,proud
4179,behind
4180,keep
4181,honored
4182,respect
4183,people
4184,point
4185,put
4186,name
4187,signs
4188,protest
4189,shirts
4190,stand
4191,proud
4192,behind
4193,keep
4194,joe_exotic
4195,gubernatorial
4196,candidate
4197,supporting
4198,teachers
4199,Oklahoma
4200,Standing
4201,side
4202,side
4203,men
4204,women
4205,shape
4206,future
4207,Oklahoma
4208,world
4209,He
4210,candidate
4211,change
4212,Oklahoma
4213,fixthisshit
4214,You
4215,manhttps
4216,He
4217,dumb
4218,ass
4219,2
4220,days
4221,trust
4222,fucking
4223,person
4224,getting
4225,paid
4226,him.https
4227,Here
4228,link
4229,reference
4230,One
4231,Libertarian
4232,candidate
4233,Capitol
4234,supporting
4235,teachers
4236,His
4237,name
4238,joe_exotic
4239,Where
4240,two
4241,OklahomaTeachersWalkout
4242,Election2018
4243,fixthisshit
4244,Get
4245,talk
4246,teachers
4247,havehttps
4248,onehttps
4249,He
4250,makes
4251,lot
4252,assumptions
4253,The
4254,truth
4255,something
4256,wrong
4257,system
4258,know
4259,That
4260,huge
4261,turnout
4262,Joe
4263,able
4264,reach
4265,find
4266,common
4267,ground
4268,many
4269,people
4270,protesting
4271,Vote
4272,Libertarian
4273,We
4274,three
4275,candidates
4276,primary
4277,June
4278,joe_exotic
4279,okcspowell
4280,GovRexLawhorn
4281,'m
4282,main
4283,corner
4284,23rd
4285,n
4286,Lincoln
4287,Chad
4288,Williams
4289,posted
4290,something
4291,Facebook
4292,two
4293,days
4294,ago
4295,calling
4296,teachers
4297,liars
4298,saying
4299,exercise
4300,RIGHT
4301,protest
4302,joe_exotic
4303,Capitol
4304,supporting
4305,teachers
4306,Wasn
4307,able
4308,admit
4309,pretty
4310,ignorant
4311,strange
4312,ways
4313,conventions
4314,work
4315,Sounds
4316,pretty
4317,lame
4318,though
4319,Capitol
4320,supporting
4321,teachers
4322,students
4323,2.30
4324,till
4325,4.00
4326,free
4327,shirts
4328,stickers
4329,papers
4330,Count
4331,ithttps
4332,Let
4333,friends
4334,therehttps
4335,know
4336,middle
4337,nowhere
4338,Oklahoma
4339,know
4340,love
4341,'m
4342,people
4343,greathttps
4344,Did
4345,Facebook
4346,sell
4347,phone
4348,number
4349,middle
4350,east
4351,If
4352,gotten
4353,telemarketing
4354,calls
4355,3
4356,days
4357,last
4358,20
4359,years
4360,It
4361,house
4362,Vote
4363,outhttps
4364,Never
4365,give
4366,anything
4367,important
4368,whether
4369,something
4370,work
4371,something
4372,truth
4373,many
4374,miss
4375,persistence
4376,often
4377,key
4378,success
4379,luisfbruno
4380,TheHaraClub
4381,RaducioiuMarian
4382,PSMyFollows
4383,They
4384,reached
4385,animal
4386,rights
4387,group
4388,discredit
4389,stood
4390,So
4391,tweet
4392,shot
4393,like
4394,proud
4395,So
4396,much
4397,rights
4398,huh
4399,If
4400,seeing
4401,people
4402,like
4403,MaryFallin
4404,done
4405,state
4406,make
4407,want
4408,joe_exotic
4409,governor
4410,problem
4411,votejoeexotic
4412,Check
4413,joe_exotic
4414,protesting
4415,teachers
4416,today
4417,fixthisshit
4418,oklaedwalkout
4419,okleg
4420,oklaed
4421,oklahomawatch
4422,A
4423,respectful
4424,protest
4425,WHOA.https
4426,“
4427,Flunk
4428,mother
4429,frackers
4430,”
4431,hahaha
4432,2-for-1
4433,signhttps
4434,support
4435,teachers
4436,Behind
4437,wayhttps
4438,Yes
4439,Get
4440,pens
4441,TheLostOgle
4442,BINGO
4443,He
4444,coming
4445,If
4446,caught
4447,yesterday
4448,worth
4449,two
4450,squares
4451,okteacherwalkouthttps
4452,State
4453,Capital
4454,around
4455,12.30
4456,support
4457,teachers
4458,students
4459,Oklahoma
4460,fixthisshit
4461,Listen
4462,hold
4463,45
4464,min
4465,tax
4466,commission
4467,see
4468,get
4469,tax
4470,credit
4471,re-payed
4472,end
4473,year
4474,Still
4475,answer
4476,either
4477,way
4478,none
4479,makes
4480,Oklahoma
4481,fixthisshit
4482,Listen
4483,hold
4484,45
4485,min
4486,tax
4487,commission
4488,see
4489,get
4490,tax
4491,credit
4492,re-payed
4493,end
4494,year
4495,Still
4496,answer
4497,either
4498,way
4499,none
4500,story_fbid=2076484259046050
4501,id=580813935279764
4502,Oklahoma
4503,fixthisshit
4504,Listen
4505,hold
4506,45
4507,min
4508,tax
4509,commission
4510,see
4511,get
4512,tax
4513,credit
4514,re-payed
4515,end
4516,year
4517,Still
4518,answer
4519,either
4520,way
4521,none
4522,story_fbid=1749533065105860
4523,id=506410132751499
4524,Oklahoma
4525,fixthisshit
4526,Listen
4527,hold
4528,45
4529,min
4530,tax
4531,commission
4532,see
4533,get
4534,tax
4535,credit
4536,re-payed
4537,end
4538,year
4539,Still
4540,answer
4541,either
4542,way
4543,none
4544,makes
4545,Do
4546,realize
4547,6
4548,%
4549,sales
4550,tax
4551,hike
4552,fuel
4553,cost
4554,State
4555,aprox
4556,1.2
4557,million
4558,higher
4559,gas
4560,run
4561,school
4562,buses
4563,State
4564,Where
4565,make
4566,since
4567,Live
4568,feed
4569,Oklahoma
4570,State
4571,Capital
4572,think
4573,people
4574,want
4575,change
4576,politics
4577,fixthisshit
4578,Vote
4579,Joe
4580,Exotic
4581,Would
4582,teacher
4583,walkout
4584,today
4585,State
4586,ran
4587,like
4588,business
4589,instead
4590,slush
4591,fund
4592,We
4593,teacher
4594,walkout
4595,State
4596,ran
4597,like
4598,business
4599,instead
4600,taxpayer
4601,slush
4602,fund
4603,fixthisshit
4604,fixthisshit
4605,Vote
4606,Joe
4607,Exotic
4608,Who
4609,follows
4610,attends
4611,school
4612,ECU
4613,OU
4614,OSU
4615,UCO
4616,SWOSU
4617,Murry
4618,State
4619,That
4620,follow
4621,Oh
4622,Hell
4623,ya
4624,things
4625,This
4626,happens
4627,Oklahoma
4628,Politics
4629,speak
4630,mind
4631,stand
4632,When
4633,reach
4634,use
4635,one
4636,evil
4637,organizations
4638,websites
4639,(
4640,Good
4641,http
4642,This
4643,happens
4644,Oklahoma
4645,Politics
4646,speak
4647,mind
4648,stand
4649,anyone
4650,nomorefreedomofspeech
4651,votejoeexotic
4652,keep
4653,rights
4654,stand
4655,proud
4656,matter
4657,cost
4658,http
4659,On
4660,Joseph
4661,Maldonado
4662,page
4663,Facebookhttps
4664,Happy
4665,Easter
4666,everyone
4667,Sorry
4668,rabbit
4669,settle
4670,Eating
4671,rib
4672,crib
4673,Ada
4674,Yephttps
4675,My
4676,prayers
4677,go
4678,Child
4679,Mom
4680,morning
4681,You
4682,fought
4683,hell
4684,fight
4685,kid
4686,love
4687,may
4688,Welcome
4689,new
4690,Lion
4691,``
4692,Bubba
4693,``
4694,kingdom
4695,Oh
4696,mikey
4697,little
4698,snake
4699,Attempted
4700,conclusion
4701,blackmail
4702,candidate
4703,Lol
4704,try
4705,dumbass
4706,'m
4707,Come
4708,hang
4709,4k
4710,followers
4711,ca
4712,win
4713,Get
4714,butts
4715,vote
4716,Pretend
4717,election
4718,dayhttps
4719,comment-313152
4720,Fuck
4721,bullshit
4722,raise
4723,TAXES
4724,AGAIN
4725,Corrupt
4726,politicians
4727,fuck
4728,people
4729,outta
4730,money
4731,give
4732,others
4733,joe_exotic
4734,fixthisshit
4735,pissed
4736,seriously
4737,thinking
4738,moving
4739,Texas
4740,Ya
4741,go
4742,vote
4743,baboon
4744,say
4745,beat
4746,boobs
4747,comment-313152
4748,losing
4749,wtf
4750,wrong
4751,website
4752,keeps
4753,changing
4754,votes
4755,Need
4756,go
4757,vote
4758,get
4759,publicity
4760,election
4761,more-78201
4762,…https
4763,more-78201
4764,OK
4765,Final
4766,4
4767,go
4768,show
4769,going
4770,Governorhttps
4771,more-78201
4772,Attention
4773,We
4774,last
4775,4
4776,rounds
4777,let
4778,show
4779,strength
4780,1
4781,final
4782,4
4783,Please
4784,go
4785,vote
4786,tell
4787,friends
4788,This
4789,amazing
4790,publicity
4791,election
4792,Attention
4793,We
4794,last
4795,4
4796,rounds
4797,let
4798,show
4799,strength
4800,1
4801,final
4802,4
4803,Please
4804,go
4805,vote
4806,tell
4807,friends
4808,This
4809,amazing
4810,publicity
4811,election
4812,story_fbid=1745469425512224
4813,id=506410132751499
4814,Attention
4815,We
4816,last
4817,4
4818,rounds
4819,let
4820,show
4821,strength
4822,1
4823,final
4824,4
4825,Please
4826,go
4827,vote
4828,tell
4829,friends
4830,This
4831,amazing
4832,publicity
4833,election
4834,story_fbid=2071770036184139
4835,id=580813935279764
4836,The
4837,State
4838,Oklahoma
4839,Senate
4840,approved
4841,stealing
4842,3/4
4843,billion
4844,dollars
4845,tax
4846,paying
4847,citizens
4848,Theft
4849,taxation
4850,fixthisshit
4851,NOTICE
4852,Oklahoma
4853,today
4854,tomorrow
4855,go
4856,register
4857,Libertarian
4858,order
4859,vote
4860,primaries
4861,fixthisshit
4862,getrdone
4863,fixthisshit
4864,story_fbid=939190289583108
4865,id=100004764370656
4866,President
4867,Trump
4868,fixthisshit
4869,story_fbid=939190289583108
4870,id=100004764370656
4871,President
4872,Trump
4873,fixthisshit
4874,President
4875,Trump
4876,fixthisshit
4877,story_fbid=2070845592943250
4878,id=580813935279764
4879,President
4880,Trump
4881,fixthisshit
4882,story_fbid=1744544998938000
4883,id=506410132751499
4884,So
4885,Peta
4886,puts
4887,press
4888,release
4889,wanting
4890,inspection
4891,reports
4892,embarrass
4893,LOL
4894,So
4895,Peta
4896,puts
4897,press
4898,release
4899,wanting
4900,inspection
4901,reports
4902,embarrass
4903,LOL
4904,story_fbid=2070588549635621
4905,id=580813935279764
4906,So
4907,Peta
4908,puts
4909,press
4910,release
4911,wanting
4912,inspection
4913,reports
4914,embarrass
4915,LOL
4916,story_fbid=1744295358962964
4917,id=506410132751499
4918,Yes
4919,guys
4920,gals
4921,Now
4922,let
4923,take
4924,election
4925,easy
4926,thank
4927,youhttps
4928,love
4929,chicken
4930,sandwichhttps
4931,Out
4932,5000
4933,people
4934,facebook
4935,know
4936,show
4937,animals
4938,mean
4939,Basketball
4940,It
4941,let
4942,vote
4943,go
4944,tell
4945,friend
4946,get
4947,vote
4948,We
4949,need
4950,more-78158
4951,There
4952,glitch
4953,people
4954,saying
4955,shows
4956,resultshttps
4957,OH
4958,Oklahoma
4959,http
4960,Come
4961,guys
4962,animal
4963,lovers
4964,make
4965,damn
4966,sure
4967,win
4968,round
4969,Got
4970,vote
4971,share
4972,animal
4973,lovers
4974,more-78158
4975,Come
4976,guys
4977,animal
4978,lovers
4979,make
4980,damn
4981,sure
4982,win
4983,round
4984,Got
4985,vote
4986,share
4987,animal
4988,lovers
4989,more-78158
4990,…https
4991,more-78158
4992,So
4993,politicians
4994,ca
4995,get
4996,shit
4997,together
4998,pay
4999,teachers
5000,stay
5001,budget
5002,every
5003,person
5004,stays
5005,hotel
5006,working
5007,town
5008,visiting
5009,must
5010,pay
5011,mistakes
5012,$
5013,5.00
5014,per
5015,day
5016,take
5017,$
5018,5
5019,per
5020,day
5021,elected
5022,officials
5023,checks
5024,Our
5025,Society
5026,went
5027,shit
5028,pass
5029,law
5030,allow
5031,Free
5032,Range
5033,Parenting
5034,What
5035,fuck
5036,next
5037,fixthisshit
5038,votejoeexotic
5039,http
5040,id=54020213
5041,…http
5042,id=54020213
5043,Our
5044,Society
5045,went
5046,shit
5047,pass
5048,law
5049,allow
5050,Free
5051,Range
5052,Parenting
5053,What
5054,fuck
5055,next
5056,fixthisshit
5057,votejoeexotichttp
5058,id=54020213
5059,So
5060,make
5061,State
5062,start
5063,verifying
5064,someone
5065,applies
5066,job
5067,hired
5068,didnt
5069,take
5070,job
5071,could
5072,say
5073,applied
5074,stay
5075,unemployment
5076,kick
5077,fuckers
5078,save
5079,aprox
5080,89
5081,million
5082,year
5083,pay
5084,teachers
5085,lazy
5086,asses
5087,money
5088,This
5089,tax
5090,bill
5091,screws
5092,public
5093,nothing
5094,Oklahoma
5095,Got
5096,pretty
5097,cool
5098,friends
5099,support
5100,tag
5101,got
5102,get
5103,behind
5104,mehttps
5105,Hey
5106,Trump
5107,Ship
5108,Americans
5109,want
5110,work
5111,living
5112,bring
5113,back
5114,Mexican
5115,Something
5116,change
5117,Hired
5118,4
5119,morning
5120,already
5121,quit
5122,even
5123,work
5124,hard
5125,yet
5126,Am
5127,politically
5128,correct
5129,Hell
5130,Do
5131,want
5132,Hell
5133,one
5134,one
5135,going
5136,take
5137,change
5138,things
5139,Got
5140,big
5141,enough
5142,mouth
5143,also
5144,You
5145,count
5146,friends
5147,mine
5148,You
5149,people
5150,matters
5151,mehttps
5152,You
5153,bet
5154,Thankshttps
5155,Once
5156,31st
5157,past
5158,watch
5159,work
5160,This
5161,going
5162,biggest
5163,campaign
5164,seenhttps
5165,All
5166,need
5167,ask
5168,people
5169,like
5170,Todd
5171,Lamb
5172,loaning
5173,campaign
5174,800k
5175,governor
5176,job
5177,128k
5178,special
5179,interests
5180,groups
5181,prioritizedhttps
5182,How
5183,many
5184,broke
5185,ass
5186,people
5187,want
5188,rich
5189,ass
5190,people
5191,office
5192,fixthisshit
5193,votejoeexotic
5194,How
5195,feel
5196,raising
5197,gun
5198,age
5199,21
5200,You
5201,vote
5202,18
5203,go
5204,kill
5205,people
5206,service
5207,18
5208,drive
5209,car
5210,18
5211,baby
5212,18
5213,get
5214,married
5215,18
5216,become
5217,adult
5218,18
5219,buy
5220,house
5221,18
5222,get
5223,loan
5224,18
5225,Oklahoma
5226,farmers
5227,ranchers
5228,You
5229,need
5230,aware
5231,type=3
5232,Good
5233,Morning
5234,around
5235,Oklahoma
5236,World
5237,Have
5238,great
5239,day
5240,kind
5241,enjoy
5242,If
5243,bag
5244,weed
5245,would
5246,someone
5247,jail
5248,nowhttps
5249,Fucking
5250,WOW
5251,Read
5252,slow
5253,tell
5254,part
5255,suspicious
5256,9
5257,new
5258,voters
5259,registered
5260,today
5261,Hell
5262,ya
5263,let
5264,Thank
5265,sir
5266,All
5267,movie
5268,stars
5269,donating
5270,money
5271,march
5272,could
5273,bought
5274,lots
5275,metal
5276,detectors
5277,security
5278,schools
5279,would
5280,lasted
5281,longer
5282,spent
5283,Think
5284,cost
5285,today
5286,across
5287,Nation
5288,extra
5289,security
5290,city
5291,workers
5292,etc
5293,That
5294,could
5295,spent
5296,Mental
5297,Health
5298,real
5299,underline
5300,problem
5301,people
5302,commit
5303,shootings
5304,You
5305,know
5306,much
5307,March
5308,Washington
5309,going
5310,profit
5311,Motels
5312,gas
5313,food
5314,plane
5315,tickets
5316,All
5317,death
5318,17
5319,people
5320,Sad
5321,true
5322,7
5323,new
5324,voters
5325,signed
5326,today
5327,alone
5328,We
5329,need
5330,get
5331,signed
5332,postmarked
5333,March
5334,31
5335,going
5336,fixthisshit
5337,private
5338,packet
5339,7
5340,new
5341,voters
5342,signed
5343,today
5344,alone
5345,votejoeexotic
5346,Have
5347,ever
5348,noticed
5349,eat
5350,Chinese
5351,restaurant
5352,Indian
5353,gas
5354,station
5355,charge
5356,sales
5357,tax
5358,dont
5359,ring
5360,register
5361,How
5362,many
5363,millions
5364,loose
5365,scam
5366,The
5367,generation
5368,must
5369,save
5370,future
5371,18
5372,Years
5373,taken
5374,get
5375,far
5376,This
5377,farm
5378,kid
5379,ai
5380,quite
5381,dumb
5382,think
5383,On
5384,next
5385,step
5386,year
5387,let
5388,see
5389,Good
5390,Morning
5391,wonderful
5392,people
5393,Oklahoma
5394,around
5395,world
5396,Let
5397,make
5398,All
5399,need
5400,debate
5401,underwear
5402,got
5403,Lolhttps
5404,Come
5405,gang
5406,Oklahoma
5407,wants
5408,something
5409,exotic
5410,shit
5411,say
5412,crack
5413,head
5414,running
5415,cops
5416,We
5417,going
5418,sell
5419,weed
5420,run
5421,law
5422,LOLhttps
5423,Being
5424,interviewed
5425,tomorrow
5426,10am
5427,4-page
5428,spread
5429,cover
5430,Nations
5431,hottest
5432,magazine
5433,come
5434,April
5435,The
5436,world
5437,watching
5438,election
5439,Okalhoma
5440,Go
5441,Vote
5442,online
5443,game
5444,publicity
5445,dont
5446,win
5447,anything
5448,election
5449,need
5450,name
5451,Protect
5452,every
5453,farmer
5454,meat
5455,producer
5456,Oklahoma
5457,Vote
5458,Joe
5459,Exotic
5460,Governor
5461,another
5462,bill
5463,restricting
5464,rights
5465,never
5466,They
5467,fun
5468,contest
5469,online
5470,newspaper
5471,Go
5472,vote
5473,even
5474,though
5475,funny
5476,still
5477,publicity
5478,more-78051
5479,…https
5480,more-78051
5481,Its
5482,voting
5483,time
5484,Lost
5485,Ogle
5486,Go
5487,vote
5488,pleasehttps
5489,more-78051
5490,Happy
5491,birthday
5492,Spent
5493,day
5494,tons
5495,teachers
5496,get
5497,Go
5498,like
5499,page
5500,let
5501,change
5502,politics
5503,ref=br_rs
5504,The
5505,beauty
5506,admired
5507,pure
5508,SAY
5509,IT
5510,LOUDER
5511,JOE
5512,fixthisshit
5513,campaign
5514,Another
5515,School
5516,Shooting
5517,Problem
5518,fad
5519,gun
5520,problem
5521,If
5522,news
5523,would
5524,never
5525,cover
5526,another
5527,one
5528,bet
5529,would
5530,stop
5531,Got
5532,new
5533,phone
5534,today
5535,wont
5536,let
5537,anything
5538,without
5539,giving
5540,permission
5541,shit
5542,access
5543,data
5544,etc
5545,Tell
5546,fuckers
5547,tracking
5548,spying
5549,us
5550,50
5551,million
5552,profiles
5553,facebook
5554,used
5555,knowledge
5556,fixthisshit
5557,Awesome
5558,news
5559,story
5560,Thank
5561,KXIITVhttp
5562,Your
5563,next
5564,Sasha-
5565,Where
5566,see
5567,State
5568,going
5569,election
5570,Charlie
5571,Brown-
5572,Nowhere
5573,fucking
5574,foot
5575,eyes
5576,Sasha-
5577,Exactly
5578,Come
5579,guys
5580,go
5581,vote
5582,let
5583,sex
5584,offender
5585,win
5586,one
5587,more-77957
5588,FREE
5589,GUN
5590,SAFETY
5591,CLASS
5592,http
5593,http
5594,…https
5595,Why
5596,school
5597,Superintendent
5598,make
5599,$
5600,"250,000.00"
5601,year
5602,Governor
5603,$
5604,"127,000.00"
5605,teacher
5606,makes
5607,around
5608,$
5609,"31,000.00"
5610,year
5611,buys
5612,supplies
5613,Because
5614,people
5615,run
5616,budget
5617,FREE
5618,GUN
5619,SAFETY
5620,CLASS
5621,This
5622,Saturday
5623,Greater
5624,Wynnewood
5625,Exotic
5626,Animal
5627,Park
5628,1pm
5629,Learn
5630,safely
5631,use
5632,clean
5633,gun
5634,purchased
5635,We
5636,promote
5637,rights
5638,bear
5639,arms
5640,promote
5641,gun
5642,safety
5643,Sponsored
5644,Discount
5645,Guns
5646,Pauls
5647,Valley
5648,Not
5649,sure
5650,wait
5651,till
5652,June
5653,pickle
5654,slushy
5655,Now
5656,funny
5657,shit
5658,TheLostOgle
5659,Oklahoma
5660,got
5661,come
5662,see
5663,spring
5664,break
5665,zoo
5666,50
5667,%
5668,tickets
5669,show
5670,tweet
5671,Thanks
5672,advice
5673,Talk
5674,violating
5675,1st
5676,amendment
5677,Do
5678,want
5679,classy
5680,yard
5681,sign
5682,boring
5683,political
5684,one
5685,When
5686,see
5687,Oklahoma
5688,Politics
5689,Whenever
5690,form
5691,government
5692,becomes
5693,destructive
5694,individual
5695,liberty
5696,right
5697,people
5698,alter
5699,abolish
5700,agree
5701,new
5702,governance
5703,shall
5704,seem
5705,likely
5706,protect
5707,liberty
5708,Explaining
5709,get
5710,rights
5711,back
5712,vote
5713,smart
5714,2018
5715,Over
5716,30
5717,thousand
5718,people
5719,week
5720,alone
5721,Just
5722,think
5723,going
5724,next
5725,8
5726,This
5727,man
5728,right
5729,help
5730,get
5731,education
5732,track
5733,This
5734,Secretary
5735,Education
5736,pick.https
5737,votejoeexotichttps
5738,Make
5739,Oklahoma
5740,Exotic
5741,What
5742,campaign
5743,day
5744,Keep
5745,spreading
5746,word
5747,win
5748,Share
5749,friends
5750,must
5751,get
5752,registered
5753,vote
5754,March
5755,31st
5756,screwed
5757,Private
5758,message
5759,free
5760,packet
5761,send
5762,voter
5763,card
5764,send
5765,FREE
5766,hat
5767,Let
5768,Change
5769,course
5770,Yephttps
5771,Seen
5772,i35
5773,today
5774,Yes
5775,people
5776,votejoeexotic
5777,Oklahoma
5778,Governor
5779,Need
5780,message
5781,free
5782,packet
5783,asap
5784,deadline
5785,March
5786,votejoeexotic
5787,Oklahoma
5788,Governor
5789,Need
5790,message
5791,free
5792,packet
5793,asap
5794,deadline
5795,March
5796,votejoeexotic
5797,Oklahoma
5798,Governor
5799,Need
5800,message
5801,free
5802,packet
5803,asap
5804,deadline
5805,March
5806,votejoeexotic
5807,Oklahoma
5808,Governor
5809,Need
5810,message
5811,free
5812,packet
5813,asap
5814,deadline
5815,March
5816,votejoeexotic
5817,Oklahoma
5818,Governor
5819,Need
5820,message
5821,free
5822,packet
5823,asap
5824,deadline
5825,March
5826,Love
5827,thankshttps
5828,Campaigned
5829,1000
5830,people
5831,TIME
5832,IS
5833,RUNNING
5834,OUT
5835,Private
5836,packet
5837,get
5838,voter
5839,card
5840,send
5841,FREE
5842,Notice
5843,840
5844,pounds
5845,Dog
5846,Food
5847,donate
5848,shelter
5849,come
5850,get
5851,need
5852,bring
5853,containers
5854,DM
5855,interested
5856,How
5857,debate
5858,politician
5859,How
5860,debate
5861,politician
5862,How
5863,debate
5864,politician
5865,How
5866,talk
5867,Politics
5868,Camel
5869,How
5870,talk
5871,Politics
5872,Camel
5873,How
5874,talk
5875,Politics
5876,Camel
5877,Lol
5878,needing
5879,money
5880,fight
5881,Governor
5882,Message
5883,16
5884,Bullshit
5885,Politics
5886,Govern
5887,Messge
5888,16
5889,Bullshit
5890,Poltics
5891,Govern
5892,Messge
5893,16
5894,Bullshit
5895,Poltics
5896,Govern
5897,Messge
5898,16
5899,Bullshit
5900,Poltics
5901,What
5902,dying
5903,child
5904,wish
5905,What
5906,makes
5907,smile
5908,And
5909,activist
5910,politicians
5911,call
5912,abuse
5913,Of
5914,Depriving
5915,terminally
5916,ill
5917,child
5918,last
5919,dream
5920,baby
5921,tiger
5922,laying
5923,lap
5924,Our
5925,law
5926,makers
5927,ashamed
5928,get
5929,free
5930,Hlth
5931,Care
5932,everyone
5933,joe
5934,gov
5935,Voters
5936,stopped
5937,meet
5938,n
5939,play
5940,animals
5941,My
5942,honor
5943,meeting
5944,LOOK
5945,The
5946,hats
5947,everyone
5948,registered
5949,Libertarian
5950,Direct
5951,Message
5952,pic
5953,voter
5954,card
5955,sent
5956,get
5957,free
5958,hat
5959,If
5960,need
5961,register
5962,send
5963,address
5964,take
5965,care
5966,(
5967,fixthisshit
5968,Joe
5969,Exotic
5970,4
5971,Governor
5972,)
5973,Hats
5974,Friday
5975,bad
5976,ass
5977,hats
5978,DM
5979,snap
5980,shot
5981,(
5982,fixthisshit
5983,Joe
5984,Exotic
5985,4
5986,Governor
5987,)
5988,Hats
5989,Friday
5990,bad
5991,ass
5992,hats
5993,DM
5994,snap
5995,shot
5996,Libertarian
5997,voter
5998,card
5999,get
6000,free
6001,hat
6002,If
6003,one
6004,shoot
6005,address
6006,lets
6007,get
6008,one
6009,want
6010,thank
6011,everyone
6012,registered
6013,vote
6014,ones
6015,still
6016,From
6017,bottom
6018,heart
6019,know
6020,fix
6021,problems
6022,Oklahoma
6023,remember
6024,win
6025,still
6026,major
6027,part
6028,decisions
6029,make
6030,voice
6031,choice
6032,This
6033,show
6034,work
6035,save
6036,State
6037,money
6038,like
6039,saving
6040,campaign
6041,money
6042,Instead
6043,taking
6044,money
6045,economy
6046,Campaigning
6047,spending
6048,millions
6049,Let
6050,come
6051,kill
6052,two
6053,birds
6054,one
6055,stone
6056,The
6057,crowds
6058,think
6059,see
6060,election
6061,people
6062,tired
6063,politicians
6064,officehttps
6065,Good
6066,Morning
6067,everyone
6068,ca
6069,smile
6070,laugh
6071,sense
6072,humor
6073,heart
6074,cold
6075,smile
6076,folks
6077,Oklahoma
6078,When
6079,time
6080,say
6081,votejoeexotic
6082,keep
6083,Great
6084,show
6085,today
6086,Great
6087,People
6088,awesome
6089,support
6090,Governor
6091,There
6092,nothing
6093,wrong
6094,sparkly
6095,cloths
6096,vs
6097,suit
6098,ya
6099,think
6100,least
6101,real
6102,cloths
6103,A
6104,full
6105,day
6106,registering
6107,new
6108,A
6109,full
6110,day
6111,registering
6112,new
6113,A
6114,full
6115,day
6116,registering
6117,new
6118,A
6119,full
6120,day
6121,registering
6122,new
6123,A
6124,full
6125,day
6126,registering
6127,new
6128,A
6129,full
6130,day
6131,registering
6132,new
6133,But
6134,made
6135,good
6136,right
6137,Vote
6138,June
6139,like
6140,mean
6141,change
6142,DM
6143,voter
6144,Check
6145,Greater
6146,Wynnewood
6147,Exotic
6148,Animal
6149,Park
6150,spring
6151,break
6152,meet
6153,vote
6154,Joe
6155,exotic
6156,Message
6157,free
6158,voter
6159,packet
6160,Currently
6161,writing
6162,joe_exotic
6163,journey
6164,Governor
6165,mansion
6166,If
6167,know
6168,Joe
6169,http
6170,Shows
6171,worried
6172,hear
6173,working
6174,people
6175,pay
6176,bills
6177,Kay
6178,County
6179,Sheriff
6180,violating
6181,State
6182,Ethics
6183,Rules
6184,opposing
6185,SQ788
6186,call
6187,resignation
6188,office
6189,removed
6190,office
6191,let
6192,start
6193,holding
6194,law
6195,like
6196,would
6197,They
6198,scare
6199,debate
6200,voice
6201,Once
6202,invited
6203,attend
6204,forum
6205,lets
6206,get
6207,registered
6208,Libertarian
6209,win
6210,June
6211,send
6212,address
6213,Good
6214,Morning
6215,everyone
6216,sure
6217,get
6218,DM
6219,address
6220,get
6221,registered
6222,This
6223,new
6224,maid
6225,How
6226,going
6227,know
6228,vote
6229,candidates
6230,force
6231,feed
6232,us
6233,pre-approved
6234,party
6235,propaganda
6236,feeling
6237,pretty
6238,ashamed
6239,direction
6240,Libertarian
6241,party
6242,going
6243,They
6244,give
6245,us
6246,Gary
6247,Johnson
6248,popularity
6249,exclude
6250,candidates
6251,Some
6252,debate
6253,sent
6254,questions
6255,last
6256,week
6257,like
6258,debates
6259,public
6260,get
6261,ask
6262,put
6263,spothttps
6264,Governor
6265,Video
6266,Message
6267,15
6268,Let
6269,say
6270,people
6271,really
6272,want
6273,hear
6274,want
6275,make
6276,think
6277,want
6278,hear
6279,Rigged
6280,Politics
6281,really
6282,rigged
6283,votejoeexotic
6284,private
6285,comment
6286,want
6287,packet
6288,Governor
6289,Video
6290,Message
6291,15
6292,Let
6293,say
6294,people
6295,really
6296,want
6297,hear
6298,want
6299,make
6300,think
6301,Governor
6302,Video
6303,Message
6304,15
6305,Let
6306,say
6307,people
6308,really
6309,want
6310,hear
6311,want
6312,make
6313,think
6314,Governor
6315,Video
6316,Message
6317,15
6318,Let
6319,say
6320,people
6321,really
6322,want
6323,hear
6324,want
6325,make
6326,think
6327,Tulsa
6328,World
6329,calls
6330,4
6331,horses
6332,long
6333,shot
6334,race
6335,LMAOhttp
6336,Truthhttps
6337,SUPPORT
6338,THIS
6339,TEACHER
6340,STRIKE
6341,If
6342,takes
6343,get
6344,politicians
6345,pull
6346,heads
6347,Why
6348,would
6349,anyone
6350,NOT
6351,support
6352,teacher
6353,strike
6354,Do
6355,wake
6356,make
6357,spend
6358,tax
6359,dollars
6360,right
6361,way
6362,instead
6363,like
6364,slush
6365,fund
6366,Good
6367,Morning
6368,The
6369,way
6370,going
6371,keep
6372,lied
6373,get
6374,friends
6375,family
6376,neighbors
6377,registered
6378,votejoeexotic
6379,We
6380,less
6381,20
6382,days
6383,get
6384,Some
6385,way
6386,willhttps
6387,We
6388,must
6389,get
6390,registered
6391,March
6392,31
6393,vote
6394,They
6395,changed
6396,deadline
6397,March
6398,31
6399,DM
6400,packet
6401,wish
6402,This
6403,second
6404,one
6405,Joe
6406,invited
6407,Joe
6408,tells
6409,instead
6410,broken
6411,promiseshttps
6412,Thank
6413,In
6414,fact
6415,working
6416,USDA
6417,Oklahoma
6418,Fish
6419,wildlife
6420,trying
6421,solve
6422,real
6423,problems.https
6424,Funny
6425,politicians
6426,talk
6427,shit
6428,invite
6429,debate
6430,form.http
6431,If
6432,college
6433,Oklahoma
6434,would
6435,like
6436,choice
6437,live
6438,campus
6439,first
6440,year
6441,find
6442,cheaper
6443,rent
6444,The
6445,system
6446,control
6447,parents
6448,taken
6449,away
6450,ability
6451,discipline
6452,kids
6453,become
6454,killers
6455,want
6456,take
6457,away
6458,everyone
6459,rights
6460,Need
6461,parents
6462,like
6463,http
6464,.Wp6gT92NH5c.facebook
6465,We
6466,need
6467,teach
6468,love
6469,division
6470,How
6471,feel
6472,http
6473,Starting
6474,Tuesday
6475,March
6476,13th
6477,7pm
6478,Live
6479,chat
6480,live
6481,talk
6482,want
6483,people
6484,voice
6485,June
6486,1
6487,deadline
6488,register
6489,vote
6490,gang
6491,send
6492,DM
6493,send
6494,packet
6495,stuff
6496,win
6497,primary
6498,get
6499,SQ788
6500,passed
6501,This
6502,important
6503,State
6504,Oklahoma
6505,judge
6506,gave
6507,8
6508,sex
6509,offenders
6510,probation
6511,loved
6512,one
6513,jail
6514,pot
6515,fixthisshit
6516,votejoeexotic
6517,The
6518,Second
6519,Amendment
6520,gives
6521,citizens
6522,right
6523,bear
6524,arms
6525,The
6526,Eighth
6527,Amendment
6528,prohibits
6529,excessive
6530,bail
6531,excessive
6532,fines
6533,cruel
6534,unusual
6535,punishments
6536,The
6537,voting
6538,Libertarians
6539,2018
6540,Spent
6541,day
6542,helping
6543,new
6544,Governor
6545,Oklahoma
6546,Thanks
6547,guys
6548,Pi-Kappa-Alpha
6549,Fraternity
6550,Norman
6551,Oklahoma
6552,This
6553,Oklahoma
6554,suppose
6555,helping
6556,Love
6557,ya
6558,Now
6559,let
6560,make
6561,Oklahoma
6562,awesome
6563,State
6564,Thanks
6565,cominghttps
6566,It
6567,awesome
6568,Thanks
6569,much
6570,coming
6571,Governor
6572,Message
6573,14
6574,Gun
6575,Control
6576,Governor
6577,Message
6578,14
6579,Gun
6580,Control
6581,Governor
6582,Message
6583,14
6584,Gun
6585,Control
6586,Gun
6587,Control
6588,Shit
6589,stuff
6590,5.85
6591,gun
6592,shop
6593,watch
6594,thishttps
6595,v=X5urOJT_8ck
6596,Governor
6597,Message
6598,14
6599,Gun
6600,Control
6601,Governor
6602,Message
6603,14
6604,Gun
6605,Control
6606,Governor
6607,Message
6608,14
6609,Gun
6610,Control
6611,Governor
6612,Message
6613,14
6614,Gun
6615,Control
6616,Governor
6617,Message
6618,14
6619,Gun
6620,Control
6621,Do
6622,forget
6623,tomorrow
6624,night
6625,7pm
6626,sharp
6627,Notice
6628,There
6629,armed
6630,officers
6631,name
6632,must
6633,RSVP
6634,list
6635,go
6636,security
6637,check
6638,entering
6639,building
6640,So
6641,please
6642,put
6643,name
6644,list
6645,Thank
6646,Sir
6647,trying
6648,best
6649,find
6650,simple
6651,non
6652,tax
6653,ways
6654,fix
6655,thingshttps
6656,Here
6657,one
6658,problems
6659,Garvin
6660,Country
6661,8
6662,superintendents
6663,$
6664,"768,353.00"
6665,take
6666,care
6667,5458
6668,students
6669,wonder
6670,teacher
6671,pay
6672,going
6673,This
6674,got
6675,fixed
6676,Oklahoma
6677,County
6678,1
6679,Superintendent
6680,"46,000"
6681,students
6682,$
6683,"285,000.00"
6684,Now
6685,let
6686,talk
6687,Thank
6688,youhttps
6689,Russia
6690,vs
6691,Trump
6692,mussel
6693,Cold
6694,War
6695,feel
6696,sorry
6697,kids
6698,got
6699,grow
6700,20
6701,years
6702,even
6703,long
6704,change
6705,things
6706,If
6707,registered
6708,vote
6709,Libertarian
6710,send
6711,message
6712,get
6713,need
6714,along
6715,free
6716,papers
6717,need
6718,They
6719,already
6720,trying
6721,change
6722,SQ788
6723,let
6724,get
6725,The
6726,protection
6727,individual
6728,rights
6729,proper
6730,purpose
6731,government
6732,Today
6733,fight
6734,going
6735,lead
6736,prayer
6737,day
6738,capitol
6739,fight
6740,hell
6741,money
6742,going
6743,So
6744,teachers
6745,barricading
6746,school
6747,rooms
6748,threatening
6749,Suicide
6750,Now
6751,let
6752,give
6753,guns
6754,WTF
6755,Ran
6756,man
6757,today
6758,Yes
6759,DM
6760,rsvphttps
6761,Arrested
6762,week
6763,pot
6764,plants
6765,Garvin
6766,County
6767,meth
6768,runs
6769,ramped
6770,fixthisshit
6771,votejoeexotichttp
6772,Yephttps
6773,How
6774,every
6775,stupid
6776,law
6777,waste
6778,time
6779,tax
6780,payers
6781,money
6782,pass
6783,one
6784,sponsored
6785,pay
6786,back
6787,time
6788,wasted
6789,fixthis
6790,Do
6791,really
6792,want
6793,someone
6794,like
6795,become
6796,Governor
6797,Sorry
6798,guys
6799,wins
6800,penis
6801,longer
6802,You
6803,want
6804,freedom
6805,back
6806,voice
6807,laws
6808,passed
6809,votejoeexotic
6810,Oklahoma
6811,Governor
6812,included
6813,decisions
6814,We
6815,everyone
6816,register
6817,Libertarian
6818,get
6819,past
6820,primaries
6821,vote
6822,June
6823,26https
6824,support
6825,thought
6826,walk
6827,takes
6828,get
6829,politicians
6830,asses
6831,find
6832,missing
6833,money
6834,misplaced
6835,money
6836,better
6837,education
6838,go
6839,votejoeexotic
6840,2018
6841,fixthisshithttp
6842,You
6843,know
6844,want
6845,come
6846,see
6847,shit
6848,Mansion
6849,2019
6850,votejoeexotic
6851,June
6852,26th
6853,They
6854,think
6855,putting
6856,medical
6857,marijuana
6858,June
6859,ballot
6860,fail
6861,due
6862,low
6863,voter
6864,turn
6865,Let
6866,show
6867,wronghttp
6868,Remember
6869,next
6870,Saturday
6871,DM
6872,reservations
6873,free
6874,going
6875,funhttps
6876,Keeping
6877,open
6878,name
6879,sorry
6880,love
6881,kid
6882,They
6883,Alcohol
6884,killed
6885,brother
6886,drunk
6887,driver
6888,changed
6889,anything
6890,sincehttps
6891,So
6892,Delta
6893,Airlines
6894,stopping
6895,NRA
6896,discounts
6897,fly
6898,get
6899,Corporate
6900,Tax
6901,cuts
6902,Government
6903,Do
6904,think
6905,stay
6906,politics
6907,choosing
6908,sides
6909,pro
6910,2nd
6911,amendment
6912,right
6913,bear
6914,arms
6915,member
6916,NRA
6917,think
6918,lobbyist
6919,special
6920,interest
6921,groups
6922,place
6923,constitutional
6924,rights
6925,make
6926,money
6927,buy
6928,politicians
6929,You
6930,'re
6931,rights
6932,'re
6933,rights
6934,plain
6935,simple
6936,find
6937,ithttps
6938,Thank
6939,sirhttps
6940,Together
6941,make
6942,Oklahoma
6943,better
6944,place
6945,everyone
6946,300
6947,million
6948,fight
6949,job
6950,need
6951,get
6952,election
6953,done
6954,It
6955,time
6956,standup
6957,votejoeexotic
6958,make
6959,sure
6960,quit
6961,misappropriating
6962,30
6963,million
6964,time
6965,get
6966,donehttps
6967,Let
6968,work
6969,giving
6970,Governor
6971,going
6972,hold
6973,accountablehttps
6974,But
6975,vote
6976,smart
6977,2018
6978,get
6979,people
6980,make
6981,sure
6982,money
6983,spent
6984,right
6985,Can
6986,afford
6987,protect
6988,schools
6989,Oklahoma
6990,We
6991,ca
6992,afford
6993,even
6994,pay
6995,teachers
6996,CNN
6997,town
6998,meeting
6999,showing
7000,world
7001,politicians
7002,represent
7003,people
7004,standup
7005,kick
7006,politicians
7007,taking
7008,$
7009,Thank
7010,Is
7011,cute
7012,gon
7013,na
7014,kinda
7015,scarce
7016,days
7017,If
7018,ya
7019,see
7020,much
7021,back
7022,Social
7023,Media
7024,soon
7025,Thank
7026,let
7027,win
7028,everyone
7029,able
7030,experience
7031,anytime
7032,expected
7033,lead
7034,corruption
7035,Animal
7036,Welfare
7037,Division
7038,like
7039,allowing
7040,Here
7041,go
7042,take
7043,look
7044,pull
7045,'re
7046,head
7047,ya
7048,ass
7049,'re
7050,inspectors
7051,take
7052,..https
7053,The
7054,next
7055,time
7056,inspector
7057,writes
7058,tree
7059,limbs
7060,cages
7061,rusty
7062,wire
7063,algea
7064,shade
7065,The
7066,next
7067,time
7068,inspector
7069,writes
7070,tree
7071,limbs
7072,cages
7073,rusty
7074,wire
7075,algea
7076,shade
7077,The
7078,next
7079,time
7080,inspector
7081,writes
7082,tree
7083,limbs
7084,cages
7085,rusty
7086,wire
7087,algea
7088,shade
7089,Starting
7090,get
7091,meet
7092,greet
7093,tour
7094,scheduled
7095,If
7096,business
7097,work
7098,somewhere
7099,Oklahoma
7100,owner
7101,would
7102,like
7103,set
7104,promotion
7105,day
7106,come
7107,meet
7108,people
7109,town
7110,business
7111,DM
7112,contact
7113,Are
7114,shocked
7115,FBI
7116,dropped
7117,ball
7118,Florida
7119,Shooter
7120,They
7121,worried
7122,emails
7123,Russia
7124,worry
7125,sick
7126,punk
7127,turning
7128,mass
7129,killer
7130,home
7131,There
7132,everywhere
7133,God
7134,save
7135,stupid
7136,people
7137,Its
7138,going
7139,long
7140,day
7141,Joe
7142,exotic
7143,shits
7144,high
7145,keyhttps
7146,Thinking
7147,visiting
7148,future
7149,gov
7150,joe_exotic
7151,weekend
7152,1st
7153,shove
7154,Mark
7155,zuckerberg
7156,asshttps
7157,They
7158,even
7159,take
7160,complaints
7161,serious
7162,We
7163,got
7164,insist
7165,least
7166,1
7167,officer
7168,10k
7169,population
7170,per
7171,city
7172,county
7173,starthttps
7174,Vote
7175,yes
7176,SQ788
7177,stop
7178,opioid
7179,He
7180,'ll
7181,ya
7182,great
7183,campaign
7184,There
7185,enough
7186,room
7187,properly
7188,address
7189,anything
7190,give
7191,questions
7192,address
7193,one
7194,photo
7195,ithttps
7196,Who
7197,going
7198,Bison
7199,witches
7200,tonight
7201,party
7202,Just
7203,Curious
7204,better
7205,ideas
7206,Blame
7207,internet
7208,He
7209,got
7210,images
7211,ideas
7212,Shit
7213,even
7214,sell
7215,shirts
7216,Internet
7217,destroy
7218,human
7219,Just
7220,curious
7221,Candidate
7222,cares
7223,think
7224,What
7225,done
7226,prevent
7227,happened
7228,Florida
7229,anything
7230,Happy
7231,Valentines
7232,Day
7233,two
7234,many
7235,ya
7236,love
7237,Prayers
7238,Florida
7239,school
7240,victims
7241,A
7242,Valentines
7243,Wedding
7244,day
7245,zoo
